Date,Close/Last,Volume,Open,High,Low
03/12/2024,$61.41,16613060,$60.95,$61.565,$60.645
03/11/2024,$60.66,14153970,$60.10,$60.71,$59.87
03/08/2024,$60.12,12143650,$60.00,$60.28,$59.73
03/07/2024,$60.36,16195300,$61.00,$61.0699,$60.345
03/06/2024,$60.57,12698710,$60.12,$60.62,$60.04
03/05/2024,$60.04,19676880,$59.87,$60.34,$59.575
03/04/2024,$59.30,16033300,$58.50,$59.39,$58.40
03/01/2024,$58.76,19030920,$58.80,$58.85,$58.20
02/29/2024,$58.61,29245140,$59.45,$59.49,$58.59
02/28/2024,$59.62,14803290,$59.55,$59.76,$59.31
02/27/2024,$59.59,18012750,$59.64,$59.80,$59.22
02/26/2024,$59.60,32154770,$59.12,$59.84,$58.18
02/23/2024,$58.52,74365777,$58.6967,$59.2167,$58.4367
02/22/2024,$58.47,29512938,$57.96,$58.49,$57.77
02/21/2024,$57.90,40551544,$58.3333,$58.5267,$57.60
02/20/2024,$58.62,71788627,$59.4933,$60.45,$58.41
02/16/2024,$56.7867,22373543,$56.7633,$57.31,$56.43
02/15/2024,$56.43,16948859,$56.60,$56.6167,$55.99
02/14/2024,$56.20,18484604,$56.25,$56.2917,$55.8467
02/13/2024,$56.38,18574217,$56.8733,$57.0233,$56.09
02/12/2024,$56.7667,14795041,$56.41,$56.7867,$56.35
02/09/2024,$56.4267,14329867,$56.4633,$56.5767,$56.3067
02/08/2024,$56.4567,14427928,$56.46,$56.85,$56.38
02/07/2024,$56.46,17082467,$56.7567,$56.8867,$56.40
02/06/2024,$56.6033,14189785,$56.2633,$56.65,$56.1133
02/05/2024,$56.22,19145072,$56.67,$56.67,$56.0233
02/02/2024,$56.5233,21670688,$56.05,$56.8583,$55.9733
02/01/2024,$56.1033,20792555,$55.2333,$56.118,$55.06
01/31/2024,$55.0833,26134878,$55.9333,$55.9333,$55.0367
01/30/2024,$55.1967,15270014,$54.90,$55.2683,$54.54
01/29/2024,$55.0133,18240314,$54.7833,$55.135,$54.5067
01/26/2024,$54.7567,15746312,$54.35,$54.7933,$54.22
01/25/2024,$54.28,16369604,$53.80,$54.29,$53.4733
01/24/2024,$53.50,22932863,$54.30,$54.355,$53.44
01/23/2024,$54.2667,12066517,$54.04,$54.2833,$53.9233
01/22/2024,$54.13,13938382,$54.2633,$54.3167,$53.8333
01/19/2024,$54.1267,19175297,$54.4767,$54.5233,$53.8133
01/18/2024,$54.4133,18190613,$53.72,$54.4633,$53.56
01/17/2024,$53.69,14827663,$53.7933,$53.995,$53.5433
01/16/2024,$53.9433,17032592,$53.8133,$54.1333,$53.7433
01/12/2024,$53.7733,13628968,$53.79,$53.8483,$53.46
01/11/2024,$53.7033,14355208,$53.7833,$53.9633,$53.39
01/10/2024,$53.7633,20122040,$53.1867,$53.8334,$53.1867
01/09/2024,$53.1033,23322380,$52.6433,$53.1133,$52.5767
01/08/2024,$52.75,20680880,$52.2333,$52.765,$52.225
01/05/2024,$52.2367,21709505,$52.64,$52.70,$51.8667
01/04/2024,$52.5867,19282472,$53.07,$53.18,$52.4967
01/03/2024,$53.10,18756062,$53.2567,$53.4333,$52.9767
01/02/2024,$53.0967,23539679,$52.4167,$53.1783,$52.3967
12/29/2023,$52.55,21948200,$52.51,$52.6933,$52.3867
12/28/2023,$52.5233,16776068,$52.59,$52.7767,$52.50
12/27/2023,$52.6267,19895966,$52.1033,$52.6483,$52.0533
12/26/2023,$52.1367,11679964,$52.2167,$52.33,$52.0367
12/22/2023,$52.2167,19405643,$51.8167,$52.3833,$51.7184
12/21/2023,$51.60,20087786,$51.3333,$51.6867,$51.3017
12/20/2023,$51.2367,21967703,$51.8067,$52.0467,$51.2067
12/19/2023,$51.8433,24417095,$51.6133,$51.8967,$51.3633
12/18/2023,$51.6567,26316015,$51.1167,$51.69,$51.0433
12/15/2023,$50.9133,70003597,$50.5933,$51.1533,$50.5133
12/14/2023,$50.7233,30891273,$51.1733,$51.3133,$50.6433
12/13/2023,$51.35,35348674,$50.5167,$51.35,$50.2133
12/12/2023,$50.4533,21382022,$50.4067,$50.5667,$50.0767
12/11/2023,$50.4133,31883253,$50.38,$50.4833,$49.8467
12/08/2023,$50.2867,34069473,$50.6667,$50.7367,$50.08
12/07/2023,$50.82,25362582,$51.45,$51.5133,$50.7417
12/06/2023,$51.3467,26447400,$51.85,$51.9433,$51.2167
12/05/2023,$51.91,21883832,$51.4833,$51.95,$51.2467
12/04/2023,$51.4333,24883190,$51.1067,$51.6433,$51.1033
12/01/2023,$51.4467,39273664,$51.7933,$51.87,$50.8767
11/30/2023,$51.8967,29925789,$52.0067,$52.1167,$51.5033
11/29/2023,$52.0267,29896488,$52.9233,$52.9233,$51.87
11/28/2023,$52.88,23535029,$52.22,$52.9746,$52.22
11/27/2023,$52.2567,23393648,$51.9833,$52.4533,$51.9833
11/24/2023,$52.02,13975171,$51.7167,$52.0433,$51.5667
11/22/2023,$51.5567,26433525,$51.9067,$52.0167,$51.46
11/21/2023,$51.9533,29382198,$51.82,$52.2833,$51.3767
11/20/2023,$51.7667,26703846,$51.8467,$52.0033,$51.67
11/17/2023,$51.7833,42533404,$51.9833,$52.5133,$51.67
11/16/2023,$52.0133,97658590,$52.9167,$53.15,$51.8333
11/15/2023,$56.5933,35769964,$56.1267,$56.6467,$55.8367
11/14/2023,$55.8833,19792520,$56.0567,$56.382,$55.75
11/13/2023,$55.8933,15408845,$55.46,$55.9565,$55.3483
11/10/2023,$55.3967,14321158,$54.85,$55.48,$54.6333
11/09/2023,$54.64,15080699,$54.79,$54.84,$54.415
11/08/2023,$54.7667,15591833,$55.28,$55.4267,$54.5267
11/07/2023,$55.2167,15023504,$55.2567,$55.5367,$55.11
11/06/2023,$54.96,14529238,$54.8333,$55.21,$54.69
11/03/2023,$54.8867,17240225,$55.2933,$55.4317,$54.8333
11/02/2023,$55.1733,15492203,$54.7933,$55.3967,$54.5417
11/01/2023,$54.9567,14899390,$54.7367,$55.1267,$54.3267
10/31/2023,$54.47,14168347,$54.3333,$54.54,$53.9833
10/30/2023,$54.34,12653653,$53.82,$54.42,$53.595
10/27/2023,$53.7233,13830214,$53.8267,$53.99,$53.5167
10/26/2023,$53.9233,16220075,$54.2367,$54.6167,$53.87
10/25/2023,$54.2533,16621781,$54.3867,$54.7767,$54.1567
10/24/2023,$54.4167,17535068,$53.80,$54.4933,$53.7967
10/23/2023,$53.67,17097110,$52.91,$53.7833,$52.6733
10/20/2023,$52.92,15057245,$53.61,$53.7017,$52.9033
10/19/2023,$53.59,11745898,$53.81,$53.9407,$53.4067
10/18/2023,$53.8467,10559725,$53.96,$54.12,$53.5733
10/17/2023,$53.8067,10893373,$53.58,$53.9037,$53.4633
10/16/2023,$53.7367,14348011,$53.5133,$54.0267,$53.44
10/13/2023,$53.2767,13810885,$53.0867,$53.4867,$52.9667
10/12/2023,$52.9833,13514677,$52.8433,$53.1033,$52.59
10/11/2023,$52.7433,12026776,$52.7533,$53.1633,$52.3467
10/10/2023,$52.5333,16014446,$52.0767,$52.6933,$51.8867
10/09/2023,$51.9467,21022544,$51.6933,$51.9517,$51.0867
10/06/2023,$52.1367,42616174,$52.8833,$52.9967,$50.55
10/05/2023,$53.0267,14269606,$53.4833,$53.6533,$53.00
10/04/2023,$53.6667,15755840,$53.2167,$53.6833,$53.0033
10/03/2023,$53.03,11253175,$53.23,$53.5825,$52.8934
10/02/2023,$53.3667,12992842,$53.1633,$53.4233,$52.77
09/29/2023,$53.31,18842441,$54.3433,$54.3767,$53.0617
09/28/2023,$54.18,11617117,$54.00,$54.2767,$53.8634
09/27/2023,$53.9067,15711104,$54.00,$54.0767,$53.43
09/26/2023,$54.1667,14435815,$54.3133,$54.5142,$54.1167
09/25/2023,$54.3567,10459423,$54.1233,$54.37,$53.9554
09/22/2023,$54.1167,13216918,$54.0767,$54.41,$53.9733
09/21/2023,$53.9733,18787490,$54.7533,$54.8333,$53.93
09/20/2023,$54.6367,10124650,$54.5333,$54.9033,$54.32
09/19/2023,$54.46,14020486,$54.46,$54.5933,$54.1183
09/18/2023,$54.4733,12997693,$54.8933,$55.0667,$54.4167
09/15/2023,$54.88,63925086,$55.07,$55.22,$54.59
09/14/2023,$55.0833,14923708,$55.00,$55.2467,$54.8033
09/13/2023,$54.8533,14364271,$54.9767,$55.2833,$54.79
09/12/2023,$54.84,11757358,$54.8333,$54.9777,$54.68
09/11/2023,$54.78,11912119,$54.6667,$54.8269,$54.5533
09/08/2023,$54.59,12668965,$54.4933,$54.62,$54.3567
09/07/2023,$54.49,19120889,$54.00,$54.4933,$53.83
09/06/2023,$53.8233,14594563,$53.4667,$54.0567,$53.3033
09/05/2023,$53.4233,15209360,$53.95,$54.2667,$53.3933
09/01/2023,$53.8567,12553369,$54.29,$54.32,$53.3833
08/31/2023,$54.2033,19582898,$53.7067,$54.33,$53.6533
08/30/2023,$53.7333,10967761,$53.4667,$53.7633,$53.3067
08/29/2023,$53.35,12702205,$53.00,$53.4083,$52.9533
08/28/2023,$52.9067,11871124,$52.62,$52.9433,$52.62
08/25/2023,$52.6067,12267406,$52.3933,$52.68,$52.18
08/24/2023,$52.2967,14033095,$52.71,$53.0767,$52.2733
08/23/2023,$52.70,14210353,$52.2033,$52.80,$52.17
08/22/2023,$52.3367,16672511,$52.3233,$52.4367,$52.08
08/21/2023,$52.5033,15679268,$52.5433,$52.9467,$52.3467
08/18/2023,$52.6433,27954783,$51.77,$53.2233,$51.77
08/17/2023,$51.8967,53614295,$53.6333,$53.7133,$51.6733
08/16/2023,$53.0867,26980944,$53.2933,$53.6567,$52.79
08/15/2023,$53.06,14559448,$53.18,$53.5967,$52.9733
08/14/2023,$53.3333,20813672,$54.00,$54.26,$53.06
08/11/2023,$53.7333,14195203,$53.5167,$53.9433,$53.3667
08/10/2023,$53.42,15169490,$53.5967,$53.9167,$53.3433
08/09/2023,$53.6367,13209616,$53.6367,$54.0333,$53.57
08/08/2023,$53.55,11018116,$53.6633,$53.8733,$53.17
08/07/2023,$53.4967,14269615,$53.1667,$53.7367,$53.0367
08/04/2023,$52.78,14263099,$53.2533,$53.4167,$52.6533
08/03/2023,$53.0867,13204036,$53.0067,$53.166,$52.8383
08/02/2023,$53.0733,12661981,$52.8433,$53.4767,$52.8433
08/01/2023,$53.0367,11783536,$53.3167,$53.4833,$52.9867
07/31/2023,$53.2867,13034035,$53.32,$53.5467,$52.97
07/28/2023,$53.3033,11021866,$53.0967,$53.6467,$53.0967
07/27/2023,$53.0533,13400308,$53.36,$53.5467,$53.0433
07/26/2023,$53.2467,15094082,$53.08,$53.5633,$52.9787
07/25/2023,$53.0567,15553925,$53.4867,$53.505,$52.76
07/24/2023,$53.10,12529870,$52.8167,$53.16,$52.52
07/21/2023,$52.79,16960394,$52.6333,$52.9267,$52.48
07/20/2023,$52.4933,14987809,$51.6433,$52.5167,$51.6333
07/19/2023,$51.54,12372811,$51.60,$51.7333,$51.25
07/18/2023,$51.5233,13440202,$51.5567,$51.8867,$51.2867
07/17/2023,$51.6167,10135843,$51.4667,$51.66,$51.2733
07/14/2023,$51.5533,10427467,$51.3733,$51.5567,$51.1933
07/13/2023,$51.3767,11859649,$51.81,$51.8667,$51.23
07/12/2023,$51.68,16509965,$51.77,$51.9633,$51.6067
07/11/2023,$51.55,11463184,$51.59,$51.8367,$51.2867
07/10/2023,$51.6267,12967723,$51.52,$51.8333,$51.44
07/07/2023,$51.1633,19774712,$51.9367,$52.0967,$51.15
07/06/2023,$52.37,14427685,$52.6433,$52.7267,$52.29
07/05/2023,$52.7033,17585798,$52.72,$53.04,$52.4467
07/03/2023,$52.7333,8647450,$52.27,$52.8133,$52.11
06/30/2023,$52.3933,19073060,$51.6567,$52.51,$51.5933
06/29/2023,$51.4267,21530279,$51.5033,$51.5833,$51.0467
06/28/2023,$51.7767,18889895,$51.5767,$51.8933,$51.545
06/27/2023,$51.4967,12093574,$51.3833,$51.95,$51.3533
06/26/2023,$51.6833,14106418,$51.8833,$51.9267,$51.44
06/23/2023,$51.82,18974999,$51.96,$52.0967,$51.6733
06/22/2023,$51.9167,13307704,$51.66,$52.0267,$51.4933
06/21/2023,$51.4867,19251428,$51.4033,$51.7783,$51.12
06/20/2023,$51.3867,20007770,$51.5667,$51.8167,$51.2933
06/16/2023,$51.8433,34675743,$52.6933,$52.7167,$51.76
06/15/2023,$52.5767,18160355,$52.3333,$52.7433,$52.3267
06/14/2023,$52.29,21103118,$51.97,$52.4433,$51.87
06/13/2023,$51.7667,15738887,$51.5067,$51.8367,$51.3567
06/12/2023,$51.3667,14715667,$51.1433,$51.4333,$51.055
06/09/2023,$51.03,15605603,$50.72,$51.24,$50.5333
06/08/2023,$50.7233,18875318,$50.13,$50.81,$49.93
06/07/2023,$50.00,24256640,$49.75,$50.12,$49.68
06/06/2023,$49.9267,15015680,$49.90,$50.0633,$49.5033
06/05/2023,$49.9333,15553175,$49.79,$50.4167,$49.88
06/02/2023,$49.6067,19178246,$49.0733,$49.6717,$49.0333
06/01/2023,$49.1367,20239181,$48.7367,$49.30,$48.6467
05/31/2023,$48.9567,30130803,$48.4733,$49.1033,$48.3367
05/30/2023,$48.6867,15742598,$48.7667,$49.0967,$48.5333
05/26/2023,$48.8067,15720857,$48.5667,$48.9383,$48.49
05/25/2023,$48.72,21299744,$48.96,$49.1467,$48.3633
05/24/2023,$49.21,20515151,$49.5033,$49.5133,$48.7667
05/23/2023,$49.4367,16302236,$49.3367,$49.6199,$49.0267
05/22/2023,$49.53,16117796,$49.90,$50.0267,$49.4283
05/19/2023,$49.97,27594114,$50.4667,$50.4867,$49.704
05/18/2023,$50.49,46768565,$50.60,$51.43,$49.9833
05/17/2023,$49.8433,26985939,$50.38,$50.3833,$49.57
05/16/2023,$49.9267,15540011,$50.2833,$50.51,$49.8576
05/15/2023,$50.6267,16114031,$51.1667,$51.2833,$50.46
05/12/2023,$51.0233,16119260,$51.20,$51.3567,$50.9033
05/11/2023,$51.04,11926861,$50.85,$51.09,$50.6667
05/10/2023,$50.85,15827606,$51.23,$51.45,$50.41
05/09/2023,$50.9933,15209744,$50.9067,$51.06,$50.78
05/08/2023,$50.9067,14926699,$50.4233,$50.9833,$50.3533
05/05/2023,$50.59,14555911,$50.10,$50.67,$49.9433
05/04/2023,$50.1567,14011339,$50.1833,$50.33,$49.83
05/03/2023,$50.2067,12334354,$50.52,$50.70,$50.09
05/02/2023,$50.3933,11330155,$50.49,$50.4967,$49.82
05/01/2023,$50.53,11410150,$50.3467,$50.8467,$50.31
04/28/2023,$50.3233,14088580,$50.43,$50.7233,$50.06
04/27/2023,$50.46,12860971,$50.26,$50.6467,$50.26
04/26/2023,$50.3033,12910231,$50.3267,$50.47,$50.0733
04/25/2023,$50.5233,17246600,$51.0967,$51.25,$50.4433
04/24/2023,$50.92,13579507,$50.57,$50.9833,$50.57
04/21/2023,$50.5767,25335735,$50.6533,$50.7667,$50.3917
04/20/2023,$50.3233,13641976,$50.07,$50.4633,$49.8667
04/19/2023,$50.0033,12433546,$50.28,$50.47,$49.9233
04/18/2023,$49.95,13482952,$49.9267,$50.1133,$49.8133
04/17/2023,$49.84,16166816,$49.5467,$49.89,$49.50
04/14/2023,$49.4933,10465522,$49.6767,$49.9633,$49.3817
04/13/2023,$49.83,13272691,$49.8833,$50.00,$49.40
04/12/2023,$49.78,11209699,$49.93,$50.3233,$49.7233
04/11/2023,$50.0233,18370430,$50.3333,$50.3333,$49.8733
04/10/2023,$50.17,14519098,$50.12,$50.3733,$49.9233
04/06/2023,$50.2667,17891615,$49.60,$50.3459,$49.5067
04/05/2023,$49.89,26540694,$49.0567,$49.96,$49.0467
04/04/2023,$49.0767,18113663,$49.51,$49.5967,$49.0067
04/03/2023,$49.5633,19766648,$49.2433,$49.65,$49.1667
03/31/2023,$49.15,20867990,$48.86,$49.48,$48.8233
03/30/2023,$48.5567,21878999,$48.50,$48.8667,$48.34
03/29/2023,$48.0767,24217400,$48.1233,$48.32,$47.8167
03/28/2023,$47.87,21282848,$47.8833,$48.1367,$47.6833
03/27/2023,$48.0567,26775519,$47.5967,$48.325,$47.5933
03/24/2023,$47.2667,22752818,$47.0033,$47.49,$46.8667
03/23/2023,$46.8833,22044203,$46.7333,$47.2033,$46.4967
03/22/2023,$46.5067,18548423,$46.88,$47.0733,$46.4867
03/21/2023,$46.8067,19013345,$47.13,$47.13,$46.51
03/20/2023,$46.9667,33928593,$46.70,$47.3067,$46.6033
03/17/2023,$46.4667,43081204,$46.0633,$46.4967,$45.8633
03/16/2023,$46.0933,28912413,$46.4767,$46.55,$45.96
03/15/2023,$46.5467,33133623,$45.63,$46.6033,$45.57
03/14/2023,$46.0333,25542663,$45.8967,$46.09,$45.6667
03/13/2023,$45.79,28142073,$45.56,$46.1667,$45.5267
03/10/2023,$45.6567,20065085,$45.6733,$46.0933,$45.3633
03/09/2023,$45.7233,15415691,$46.2767,$46.3267,$45.64
03/08/2023,$46.0333,19090724,$46.1867,$46.3067,$45.76
03/07/2023,$46.4167,17387516,$47.06,$47.2267,$46.2633
03/06/2023,$46.8833,16720838,$46.8333,$46.9933,$46.6733
03/03/2023,$46.89,16888679,$47.0133,$47.0633,$46.59
03/02/2023,$46.8333,14788546,$46.6133,$46.9133,$46.50
03/01/2023,$46.7167,14180197,$47.02,$47.0933,$46.4567
02/28/2023,$47.3767,18054110,$47.00,$47.55,$46.9833
02/27/2023,$47.1467,16647299,$47.57,$47.6967,$46.8867
02/24/2023,$47.49,20623595,$46.9467,$47.58,$46.51
02/23/2023,$47.3633,22021259,$48.1233,$48.1233,$46.9033
02/22/2023,$48.08,29843958,$48.9233,$49.19,$47.5867
02/21/2023,$49.11,54393845,$47.6267,$49.4467,$47.3833
02/17/2023,$48.8133,24770822,$48.37,$48.8967,$48.19
02/16/2023,$48.09,16312160,$48.4933,$48.6633,$48.06
02/15/2023,$48.8567,14678053,$48.32,$48.8667,$48.1867
02/14/2023,$48.4967,13831891,$48.5767,$49.0436,$48.1867
02/13/2023,$48.6367,16015907,$48.2367,$48.7067,$48.17
02/10/2023,$47.9067,15002843,$47.6967,$47.98,$47.39
02/09/2023,$47.1733,13064938,$46.9567,$47.3133,$46.856
02/08/2023,$46.74,11691175,$46.7767,$47.0333,$46.6617
02/07/2023,$46.9933,16341350,$46.59,$47.10,$46.23
02/06/2023,$46.8933,17453915,$47.2733,$47.3667,$46.6767
02/03/2023,$47.2367,17155505,$47.7867,$47.9867,$46.9533
02/02/2023,$47.8733,17806775,$48.1367,$48.2867,$47.6452
02/01/2023,$48.2233,12849178,$47.8867,$48.5367,$47.5667
01/31/2023,$47.9567,14103472,$47.44,$47.96,$47.22
01/30/2023,$47.3833,15897470,$47.3733,$47.4833,$47.09
01/27/2023,$47.7667,18412748,$47.5333,$48.1567,$47.25
01/26/2023,$47.4033,15819098,$47.6767,$47.9167,$47.2533
01/25/2023,$47.4467,12491737,$47.4133,$47.6117,$46.7967
01/24/2023,$47.6733,13669351,$48.85,$53.2933,$47.00
01/23/2023,$47.5467,13149814,$46.82,$47.67,$46.7333
01/20/2023,$46.8467,29542986,$46.4667,$46.9267,$46.0567
01/19/2023,$46.2767,17342102,$47.13,$47.175,$46.2633
01/18/2023,$46.9467,22674425,$48.0667,$48.0833,$46.825
01/17/2023,$48.1367,15122435,$48.43,$48.57,$48.065
01/13/2023,$48.43,13700188,$48.51,$48.6067,$47.9534
01/12/2023,$48.27,12472780,$48.8033,$48.8067,$48.13
01/11/2023,$48.71,14834599,$48.58,$48.7267,$48.2433
01/10/2023,$48.2867,11970658,$48.3133,$48.4833,$47.91
01/09/2023,$48.3167,17756621,$48.7733,$49.2867,$48.2667
01/06/2023,$48.9267,21231809,$48.20,$49.1833,$48.08
01/05/2023,$47.7567,13274422,$47.82,$48.0433,$47.55
01/04/2023,$47.92,13338910,$47.8067,$48.0167,$47.3567
01/03/2023,$47.8667,17249687,$47.5167,$47.9033,$47.3633
12/30/2022,$47.2633,11505949,$47.1867,$47.3308,$46.9367
12/29/2022,$47.3833,9172237,$47.38,$47.6733,$47.25
12/28/2022,$47.0967,15246188,$47.8233,$47.89,$46.97
12/27/2022,$47.9367,10045219,$48.0133,$48.15,$47.73
12/23/2022,$47.9233,9547705,$47.6833,$47.9333,$47.4267
12/22/2022,$47.8267,13086199,$48.2567,$48.3267,$47.31
12/21/2022,$48.3933,13726522,$48.1067,$48.6467,$48.0867
12/20/2022,$48.0167,17009303,$47.64,$48.2133,$47.4167
12/19/2022,$47.60,15067457,$47.67,$47.8533,$47.2424
12/16/2022,$47.5833,40343224,$48.16,$48.24,$47.5233
12/15/2022,$48.4533,17517971,$48.5267,$48.8067,$47.8767
12/14/2022,$48.89,20334626,$49.03,$49.51,$48.6533
12/13/2022,$49.1633,23408669,$50.00,$50.0667,$48.9133
12/12/2022,$49.34,19432331,$48.6333,$49.3667,$48.52
12/09/2022,$48.4367,27929457,$49.1567,$49.2383,$48.4067
12/08/2022,$49.5933,13512643,$49.72,$49.7583,$49.38
12/07/2022,$49.7033,17550212,$50.1667,$50.4033,$49.6067
12/06/2022,$49.9633,20625608,$50.40,$50.635,$49.7367
12/05/2022,$50.55,23608274,$50.9167,$51.00,$50.17
12/02/2022,$51.0733,20733134,$50.4933,$51.0783,$50.4933
12/01/2022,$51.1233,22732169,$50.6833,$51.2033,$50.2433
11/30/2022,$50.8067,31337973,$50.87,$50.9233,$50.40
11/29/2022,$50.99,13842154,$51.01,$51.2367,$50.85
11/28/2022,$51.17,17679965,$50.9067,$51.5467,$50.9067
11/25/2022,$51.0233,8777422,$50.7067,$51.03,$50.6209
11/23/2022,$50.8067,16920677,$50.6933,$51.1217,$50.6267
11/22/2022,$50.5633,16898543,$50.6667,$50.8166,$50.3733
11/21/2022,$50.3833,21157079,$50.2033,$50.7133,$50.0633
11/18/2022,$50.0767,18986852,$49.89,$50.08,$49.59
11/17/2022,$49.3333,24797810,$49.0033,$49.5767,$48.9033
11/16/2022,$49.50,32593233,$49.2933,$50.0667,$49.04
11/15/2022,$49.1467,76548698,$48.5367,$50.09,$48.1833
11/14/2022,$46.13,37525924,$47.2133,$47.7733,$46.09
11/11/2022,$47.5267,19270922,$47.5567,$47.7067,$46.6633
11/10/2022,$47.4533,20310614,$47.5033,$47.5633,$46.8333
11/09/2022,$46.49,15932171,$47.5867,$47.72,$46.4033
11/08/2022,$47.5967,15068513,$47.5267,$48.025,$47.17
11/07/2022,$47.4833,11364109,$47.0867,$47.6563,$47.0867
11/04/2022,$46.99,14669305,$47.3433,$47.4033,$46.265
11/03/2022,$46.9067,10976365,$46.5033,$47.2382,$46.36
11/02/2022,$46.9167,15528068,$47.0533,$47.855,$46.90
11/01/2022,$47.23,14814982,$47.6567,$47.85,$47.1667
10/31/2022,$47.4433,22572074,$47.4467,$47.69,$47.2567
10/28/2022,$47.5033,13648171,$46.6833,$47.6333,$46.68
10/27/2022,$46.91,16602932,$47.0033,$47.3667,$46.765
10/26/2022,$47.0467,20763179,$46.7867,$47.3467,$46.6067
10/25/2022,$46.69,15051197,$46.3633,$46.8133,$46.1067
10/24/2022,$46.47,18806639,$45.8167,$46.825,$45.71
10/21/2022,$45.60,18134693,$44.9367,$45.8033,$44.6667
10/20/2022,$44.6967,12754939,$44.66,$45.1333,$44.5483
10/19/2022,$44.5867,11339482,$44.7767,$44.9108,$44.3233
10/18/2022,$44.7133,16842167,$44.4767,$45.0333,$44.4433
10/17/2022,$43.79,17812397,$43.6533,$44.275,$43.5283
10/14/2022,$43.4767,16642667,$44.1467,$44.4067,$43.35
10/13/2022,$44.0933,20545508,$43.0933,$44.3133,$42.79
10/12/2022,$43.7233,16947581,$44.3367,$44.9231,$43.6567
10/11/2022,$44.2233,21276125,$43.17,$44.60,$43.1517
10/10/2022,$43.1067,11411557,$43.1767,$43.31,$42.7606
10/07/2022,$42.8533,17080391,$43.77,$43.8833,$42.69
10/06/2022,$43.8933,14200465,$44.36,$44.8267,$43.86
10/05/2022,$44.3067,14553829,$44.5867,$44.8733,$44.17
10/04/2022,$44.75,16134368,$44.62,$45.0667,$44.4567
10/03/2022,$44.1767,17574779,$43.4133,$44.2633,$43.3367
09/30/2022,$43.2333,19602185,$44.08,$44.12,$43.2333
09/29/2022,$44.0833,15241601,$44.50,$44.7067,$43.8767
09/28/2022,$44.37,16838285,$43.8033,$44.55,$43.24
09/27/2022,$43.65,16979582,$44.0767,$44.4767,$43.4345
09/26/2022,$43.77,23011085,$42.9167,$44.0467,$42.7567
09/23/2022,$43.3533,27195396,$44.29,$44.3917,$42.9233
09/22/2022,$44.4633,16744376,$44.8567,$44.9067,$44.28
09/21/2022,$44.9233,24903572,$45.1467,$45.8167,$44.8733
09/20/2022,$44.5167,13963450,$44.4933,$44.6267,$44.1783
09/19/2022,$44.7767,16853183,$44.2733,$44.92,$44.1567
09/16/2022,$44.3967,41874394,$44.00,$44.85,$43.76
09/15/2022,$44.49,20189336,$45.0167,$45.05,$44.3233
09/14/2022,$44.9733,19934696,$45.21,$45.51,$44.70
09/13/2022,$45.0733,17687327,$45.62,$45.9833,$44.9367
09/12/2022,$46.0233,14284519,$45.6933,$46.083,$45.655
09/09/2022,$45.6133,16145288,$45.4333,$45.8333,$45.3767
09/08/2022,$45.4767,16956026,$45.1333,$45.6233,$44.96
09/07/2022,$45.2467,17058974,$44.3533,$45.3217,$44.2467
09/06/2022,$44.1133,21899612,$44.35,$44.54,$43.5733
09/02/2022,$44.3333,17234543,$44.95,$45.2233,$44.1433
09/01/2022,$44.8267,21741803,$44.18,$45.0467,$44.1333
08/31/2022,$44.1833,22460750,$44.26,$44.5967,$43.9767
08/30/2022,$44.16,14468032,$44.4467,$44.55,$43.9133
08/29/2022,$44.2933,17381567,$43.61,$44.6217,$43.53
08/26/2022,$43.8667,21331847,$45.37,$45.61,$43.8383
08/25/2022,$45.29,19414604,$45.0933,$45.33,$45.01
08/24/2022,$44.99,15766538,$44.7833,$45.0983,$44.5333
08/23/2022,$44.6667,16955090,$44.87,$44.9867,$44.4033
08/22/2022,$44.8567,18667223,$45.40,$45.5733,$44.8133
08/19/2022,$45.6733,22918676,$46.3067,$46.3567,$45.6367
08/18/2022,$46.3567,19197536,$46.51,$46.8067,$46.1667
08/17/2022,$46.5067,41792104,$46.19,$47.5733,$46.1333
08/16/2022,$46.4567,91773339,$46.30,$46.9767,$46.0633
08/15/2022,$44.20,26516127,$43.8767,$44.5233,$43.7856
08/12/2022,$44.0733,26624901,$43.3333,$44.28,$43.2733
08/11/2022,$43.2733,23854484,$43.2333,$43.4567,$42.8667
08/10/2022,$43.0467,25250985,$43.3333,$43.3817,$42.7967
08/09/2022,$42.9567,19325012,$42.63,$42.99,$42.4033
08/08/2022,$42.5367,18183332,$42.2167,$42.7375,$42.2033
08/05/2022,$42.1933,32006883,$41.8367,$42.27,$41.7067
08/04/2022,$41.8567,53106005,$43.5567,$43.60,$41.7767
08/03/2022,$43.50,32003103,$44.0533,$44.3133,$43.2867
08/02/2022,$44.2267,19695020,$44.3833,$44.57,$43.80
08/01/2022,$44.18,24996278,$43.6867,$44.7433,$43.6667
07/29/2022,$44.0167,30141843,$42.7733,$44.0883,$42.6708
07/28/2022,$43.25,33262323,$42.09,$43.5033,$42.09
07/27/2022,$42.1967,42159694,$40.4133,$42.255,$40.3422
07/26/2022,$40.66,95391550,$40.3767,$40.8967,$40.02
07/25/2022,$44.0067,20535164,$44.13,$44.2333,$43.8194
07/22/2022,$44.07,13616302,$44.18,$44.4633,$43.7437
07/21/2022,$44.1833,18764654,$43.56,$44.1867,$43.50
07/20/2022,$43.5467,18564818,$43.5033,$43.77,$43.1667
07/19/2022,$43.1867,16995257,$43.13,$43.32,$42.8667
07/18/2022,$42.9233,14243737,$42.8833,$43.4333,$42.7533
07/15/2022,$43.0233,21184253,$42.9333,$43.4233,$42.6833
07/14/2022,$42.6067,20905391,$41.3867,$42.7733,$41.38
07/13/2022,$41.79,12689119,$41.48,$42.1533,$41.3033
07/12/2022,$41.69,13732270,$41.7033,$42.3767,$41.5733
07/11/2022,$41.8167,11533879,$41.6733,$42.11,$41.54
07/08/2022,$41.80,14751070,$41.94,$42.2033,$41.7167
07/07/2022,$41.7733,17487290,$41.73,$41.8417,$41.3733
07/06/2022,$41.71,21300125,$41.4933,$42.0933,$41.4333
07/05/2022,$41.4167,18219713,$40.7367,$41.5033,$40.5367
07/01/2022,$40.8767,17460971,$40.6467,$40.9733,$40.3867
06/30/2022,$40.5267,19166237,$40.2933,$40.6867,$39.9633
06/29/2022,$40.64,19111622,$40.9633,$41.1167,$40.3233
06/28/2022,$40.79,15401576,$41.5533,$41.8567,$40.7633
06/27/2022,$41.3733,19889054,$41.26,$41.58,$40.93
06/24/2022,$41.24,31845963,$41.3633,$41.77,$41.0533
06/23/2022,$41.2067,18040931,$40.5833,$41.32,$40.40
06/22/2022,$40.23,20245157,$40.70,$41.0833,$40.1967
06/21/2022,$40.7233,23916521,$39.4333,$40.9267,$39.4067
06/17/2022,$39.43,36838894,$40.0067,$40.2933,$39.3233
06/16/2022,$40.2067,30706893,$39.45,$40.5867,$39.41
06/15/2022,$39.7933,25913856,$39.99,$40.1367,$39.301
06/14/2022,$39.82,21544343,$39.71,$40.00,$39.39
06/13/2022,$39.8033,24897884,$39.9133,$40.4133,$39.6967
06/10/2022,$40.5667,25246827,$39.9167,$40.9133,$39.78
06/09/2022,$40.34,19886216,$40.6667,$41.45,$40.33
06/08/2022,$40.7667,22522673,$40.7833,$41.3033,$40.65
06/07/2022,$41.1233,47707895,$40.4133,$41.1633,$40.2925
06/06/2022,$41.6233,19855475,$41.94,$42.10,$41.5283
06/03/2022,$41.7733,18302723,$42.2233,$42.4733,$41.6967
06/02/2022,$42.5033,23214395,$41.8567,$42.51,$41.4433
06/01/2022,$41.8167,28534689,$42.8333,$42.9733,$41.56
05/31/2022,$42.8767,36912424,$42.4867,$43.30,$42.4733
05/27/2022,$42.8267,25299801,$41.83,$42.8733,$41.77
05/26/2022,$42.00,28197711,$41.7667,$42.1333,$41.4667
05/25/2022,$41.1233,27121884,$41.3333,$41.5567,$40.8667
05/24/2022,$41.3767,34584843,$40.4033,$41.5167,$40.3601
05/23/2022,$40.8667,43680844,$39.9733,$41.2567,$39.9533
05/20/2022,$39.7333,49355945,$39.88,$40.28,$39.09
05/19/2022,$39.69,71008507,$40.29,$40.5966,$39.5333
05/18/2022,$40.81,104253130,$42.6767,$42.7567,$40.51
05/17/2022,$43.7833,132940183,$45.4767,$45.8133,$43.5467
05/16/2022,$49.4033,21448997,$49.7933,$49.9106,$48.82
05/13/2022,$49.35,19962170,$49.2367,$49.46,$48.7133
05/12/2022,$49.16,25244526,$49.2867,$50.05,$48.84
05/11/2022,$49.2067,27878736,$49.80,$50.25,$48.97
05/10/2022,$49.7267,24861320,$50.4767,$50.7633,$49.52
05/09/2022,$50.4367,28207080,$49.49,$51.0333,$49.3967
05/06/2022,$49.8533,34258083,$50.57,$51.3167,$49.4233
05/05/2022,$50.9133,23234321,$51.2133,$51.2767,$50.4667
05/04/2022,$51.54,20022671,$50.6767,$51.6067,$50.5033
05/03/2022,$50.8367,17951057,$50.81,$51.425,$50.5933
05/02/2022,$50.66,20016005,$51.6533,$51.6633,$50.1067
04/29/2022,$50.9967,21088661,$51.9367,$52.0733,$50.9033
04/28/2022,$52.07,14971030,$51.7433,$52.3267,$51.3667
04/27/2022,$51.4133,17496782,$51.8433,$52.0667,$51.34
04/26/2022,$51.7667,19601033,$52.1233,$52.71,$51.7333
04/25/2022,$52.3133,18057539,$52.1233,$52.49,$51.45
04/22/2022,$52.2867,21046319,$53.4167,$53.4533,$52.22
04/21/2022,$53.29,18168302,$53.3067,$53.59,$53.0233
04/20/2022,$53.21,19821515,$52.7833,$53.45,$52.765
04/19/2022,$52.55,15854921,$52.2233,$52.65,$52.0133
04/18/2022,$51.96,14671816,$52.25,$52.66,$51.7367
04/14/2022,$52.36,22360481,$52.37,$52.7633,$52.1433
04/13/2022,$52.4067,29284599,$51.15,$52.5967,$51.1167
04/12/2022,$51.0767,26761203,$51.4133,$51.80,$50.85
04/11/2022,$51.43,24712757,$52.3233,$52.7467,$51.21
04/08/2022,$52.47,23294537,$52.3033,$52.8033,$52.07
04/07/2022,$52.18,27088065,$51.70,$52.5133,$51.48
04/06/2022,$51.6633,28018434,$50.34,$51.8067,$50.1661
04/05/2022,$50.49,18657809,$50.2933,$51.11,$50.2933
04/04/2022,$50.3467,25337490,$50.3033,$51.0667,$50.0267
04/01/2022,$50.3367,20939801,$49.8867,$50.4233,$49.6132
03/31/2022,$49.64,27163881,$49.5967,$50.18,$49.3933
03/30/2022,$49.9567,24991574,$49.0433,$50.06,$49.0133
03/29/2022,$49.0767,19934441,$48.8667,$49.3667,$48.75
03/28/2022,$48.6667,20105645,$47.8333,$48.6867,$47.7667
03/25/2022,$47.8167,14088247,$47.8167,$47.9767,$47.4217
03/24/2022,$47.61,13440886,$47.4633,$47.97,$47.2917
03/23/2022,$47.3167,19625537,$47.7133,$47.91,$47.1733
03/22/2022,$47.9333,20235125,$48.2033,$48.3233,$47.66
03/21/2022,$48.0767,21350630,$48.4767,$49.0967,$47.8733
03/18/2022,$48.48,31233423,$48.3933,$48.5233,$48.036
03/17/2022,$48.3367,19023020,$48.15,$48.4333,$47.55
03/16/2022,$48.45,24615959,$48.4633,$48.98,$47.90
03/15/2022,$48.5933,22872485,$48.1767,$48.7167,$47.95
03/14/2022,$48.0167,22646297,$47.34,$48.2833,$47.33
03/11/2022,$47.3567,19162262,$47.4333,$48.0167,$47.2933
03/10/2022,$47.5433,27512790,$46.4967,$47.6667,$46.3367
03/09/2022,$46.4867,22122938,$46.6667,$46.7467,$46.0467
03/08/2022,$46.2467,28305531,$47.1667,$47.4867,$46.1933
03/07/2022,$47.2233,45870095,$47.10,$47.8767,$46.8167
03/04/2022,$47.6067,35580664,$45.9367,$47.6467,$45.8633
03/03/2022,$46.43,29885211,$45.7633,$46.8233,$45.5167
03/02/2022,$45.3867,23864255,$45.22,$45.61,$45.06
03/01/2022,$45.33,24025043,$45.29,$45.9633,$45.0067
02/28/2022,$45.0533,26286684,$45.00,$45.3567,$44.59
02/25/2022,$45.46,24997772,$44.9367,$45.5933,$44.6967
02/24/2022,$44.8433,31717443,$44.6367,$45.0033,$44.0033
02/23/2022,$45.0167,21030941,$45.62,$45.73,$44.9467
02/22/2022,$45.4833,25380930,$45.9233,$46.08,$45.3133
02/18/2022,$45.9967,31103463,$46.0333,$46.53,$45.7202
02/17/2022,$46.2933,53831555,$44.6667,$46.49,$44.5933
02/16/2022,$44.51,28490589,$44.7767,$44.96,$44.2333
02/15/2022,$44.79,21848549,$44.9133,$45.2233,$44.5967
02/14/2022,$44.65,29363511,$45.11,$45.32,$44.2367
02/11/2022,$45.11,23733407,$45.6067,$45.7267,$44.7217
02/10/2022,$45.36,27810600,$45.5167,$45.6717,$45.1533
02/09/2022,$45.8967,21473771,$46.1667,$46.2633,$45.8233
02/08/2022,$45.9967,19458881,$46.1067,$46.4133,$45.8367
02/07/2022,$45.9867,20010362,$46.6867,$46.69,$45.87
02/04/2022,$46.4433,22036523,$46.9633,$47.00,$46.1167
02/03/2022,$46.9967,20741204,$46.7533,$47.33,$46.59
02/02/2022,$46.95,18149783,$47.00,$47.2133,$46.7167
02/01/2022,$46.97,20323100,$46.4033,$47.05,$46.33
01/31/2022,$46.6033,20193476,$45.6967,$46.68,$45.5667
01/28/2022,$45.84,25132026,$45.3333,$45.8567,$44.65
01/27/2022,$45.28,27783801,$45.64,$46.36,$45.1233
01/26/2022,$45.25,26185494,$45.78,$46.2633,$45.0533
01/25/2022,$45.7167,29479437,$46.6633,$46.79,$45.6033
01/24/2022,$46.7333,28711377,$46.3567,$46.8443,$45.77
01/21/2022,$46.73,27508179,$47.0733,$47.4205,$46.6867
01/20/2022,$47.0733,22387127,$47.45,$48.1533,$47.0233
01/19/2022,$47.98,22673984,$47.5133,$48.33,$47.3067
01/18/2022,$47.5067,21134756,$48.1367,$48.2333,$47.3767
01/14/2022,$48.3533,26867361,$48.0733,$48.8767,$48.0733
01/13/2022,$48.49,24252596,$47.81,$48.56,$47.7033
01/12/2022,$47.8133,18946817,$47.8933,$47.9867,$47.6667
01/11/2022,$48.0667,21668717,$48.07,$48.2067,$47.725
01/10/2022,$48.2033,22731569,$48.48,$48.53,$47.7067
01/07/2022,$48.2967,19723592,$47.8333,$48.4533,$47.6533
01/06/2022,$47.84,21828833,$47.8733,$48.2133,$47.4667
01/05/2022,$47.9733,35417914,$47.6167,$48.65,$47.58
01/04/2022,$47.3333,33930033,$48.0133,$48.38,$47.2533
01/03/2022,$48.2167,20709788,$48.00,$48.2633,$47.67
12/31/2021,$48.23,17947787,$47.7333,$48.3483,$47.64
12/30/2021,$47.7233,14948992,$47.7533,$47.8983,$47.4933
12/29/2021,$47.57,13045261,$47.5533,$47.8433,$47.44
12/28/2021,$47.5933,15789050,$46.8667,$47.6567,$46.8667
12/27/2021,$46.92,16053377,$46.5333,$46.9567,$46.5233
12/23/2021,$46.4967,17592650,$46.60,$46.72,$46.2833
12/22/2021,$46.60,17027852,$46.6333,$46.6633,$46.1767
12/21/2021,$46.54,24620438,$46.30,$46.62,$46.0033
12/20/2021,$46.40,31017873,$46.04,$46.5833,$45.8667
12/17/2021,$46.25,78711818,$47.5833,$47.9833,$46.13
12/16/2021,$47.78,39069484,$48.59,$48.842,$47.63
12/15/2021,$48.59,33489933,$48.4033,$48.8233,$47.80
12/14/2021,$48.3133,46721285,$47.7667,$48.4267,$47.3834
12/13/2021,$47.8567,54039365,$46.7467,$47.9166,$46.67
12/10/2021,$47.01,38575624,$46.1133,$47.10,$45.8567
12/09/2021,$46.1667,32351703,$45.5433,$46.19,$45.2367
12/08/2021,$45.7167,34496253,$46.02,$46.1667,$45.3367
12/07/2021,$46.1833,37739014,$46.5333,$46.61,$46.03
12/06/2021,$46.3333,32589393,$45.8533,$46.4533,$45.70
12/03/2021,$45.8367,44142604,$45.2867,$45.96,$45.0967
12/02/2021,$45.1567,39805684,$45.8767,$46.1467,$45.08
12/01/2021,$45.7133,36687124,$46.8367,$46.905,$45.68
11/30/2021,$46.8767,64819056,$47.16,$47.50,$46.67
11/29/2021,$47.5433,33039513,$48.3333,$48.4167,$47.41
11/26/2021,$48.30,21039716,$48.8133,$49.2933,$48.14
11/24/2021,$48.8467,18089342,$48.5767,$49.02,$48.5467
11/23/2021,$48.6033,29917347,$48.0833,$48.66,$47.75
11/22/2021,$48.26,29150367,$47.5533,$48.4533,$47.3333
11/19/2021,$47.4633,28142187,$47.8733,$48.00,$47.3133
11/18/2021,$47.72,24407474,$47.38,$47.7633,$46.9533
11/17/2021,$47.3133,33116223,$47.72,$48.24,$47.2733
11/16/2021,$47.7233,73986697,$48.3667,$48.8933,$47.4333
11/15/2021,$48.97,28895967,$49.3833,$49.4833,$48.80
11/12/2021,$49.2533,18313679,$49.6667,$49.7467,$49.18
11/11/2021,$49.50,13603150,$49.59,$49.6633,$49.3967
11/10/2021,$49.48,16803635,$49.5767,$49.8733,$49.3267
11/09/2021,$49.93,15001775,$49.84,$49.9567,$49.6217
11/08/2021,$49.7567,15373268,$50.0733,$50.17,$49.5767
11/05/2021,$50.0767,15081884,$50.6667,$50.6667,$49.8717
11/04/2021,$50.4267,15149219,$50.06,$50.616,$49.9433
11/03/2021,$50.06,14209594,$49.8667,$50.0967,$49.6767
11/02/2021,$49.9067,13639042,$49.99,$50.0583,$49.76
11/01/2021,$49.93,12549475,$49.9933,$50.25,$49.7833
10/29/2021,$49.8067,22022786,$49.3033,$50.033,$49.1869
10/28/2021,$49.4833,12598414,$49.4467,$49.66,$49.2367
10/27/2021,$49.1767,14565676,$49.6533,$49.6733,$49.13
10/26/2021,$49.5833,17418716,$50.00,$50.1833,$49.4867
10/25/2021,$50.02,19287989,$49.5933,$50.1733,$49.3367
10/22/2021,$49.4467,21195728,$49.0333,$49.8967,$49.0333
10/21/2021,$48.9367,13954390,$48.86,$48.9717,$48.6033
10/20/2021,$48.6667,17453600,$48.2967,$48.83,$48.2967
10/19/2021,$48.23,33444303,$48.21,$48.5367,$47.8867
10/18/2021,$47.2267,19886900,$46.6667,$47.335,$46.61
10/15/2021,$46.85,20737163,$46.8733,$47.0317,$46.6533
10/14/2021,$46.6233,19791614,$46.1667,$46.6917,$46.1667
10/13/2021,$46.1233,17944505,$46.50,$46.67,$46.0433
10/12/2021,$46.46,15789299,$46.4467,$46.8033,$46.3583
10/11/2021,$46.51,13048282,$46.5067,$46.9267,$46.48
10/08/2021,$46.5533,13847284,$46.5533,$46.6967,$46.3367
10/07/2021,$46.4133,21068129,$46.26,$46.90,$46.2533
10/06/2021,$45.8733,19376666,$45.4133,$45.93,$45.3767
10/05/2021,$45.54,20597417,$45.3167,$45.9033,$45.30
10/04/2021,$45.2433,29970255,$45.6967,$46.0767,$44.9017
10/01/2021,$45.6833,30014553,$46.42,$46.5433,$45.3067
09/30/2021,$46.46,22470707,$46.88,$47.2433,$46.4167
09/29/2021,$46.8133,21375491,$46.8833,$47.2767,$46.7733
09/28/2021,$46.8333,20580764,$47.2933,$47.3583,$46.6633
09/27/2021,$47.4167,21250664,$47.6233,$47.85,$47.28
09/24/2021,$47.7233,13360621,$47.50,$47.8967,$47.4967
09/23/2021,$47.59,15585422,$47.74,$47.8767,$47.4833
09/22/2021,$47.5633,15044531,$47.8233,$47.8667,$47.43
09/21/2021,$47.6733,17437472,$47.5667,$48.1933,$47.5567
09/20/2021,$47.58,25054404,$47.8333,$48.395,$47.2067
09/17/2021,$48.2433,73039117,$48.0467,$48.72,$48.0067
09/16/2021,$48.3433,18428270,$48.1467,$48.436,$47.8967
09/15/2021,$48.1833,14849959,$48.0233,$48.25,$47.93
09/14/2021,$48.10,16533752,$48.4933,$48.6267,$47.9733
09/13/2021,$48.3533,19529297,$48.84,$49.05,$48.212
09/10/2021,$48.63,15775205,$49.0667,$49.08,$48.475
09/09/2021,$48.8067,22328609,$49.1533,$49.2033,$48.6133
09/08/2021,$49.1533,19508354,$48.9833,$49.44,$48.91
09/07/2021,$49.09,25355952,$49.6567,$49.7233,$49.02
09/03/2021,$49.75,17213711,$49.40,$49.8824,$49.30
09/02/2021,$49.52,20022194,$49.3733,$49.595,$49.23
09/01/2021,$49.26,19056680,$49.1867,$49.3108,$48.8567
08/31/2021,$49.3667,25078554,$49.33,$49.48,$49.08
08/30/2021,$49.2333,16440638,$48.8067,$49.3333,$48.6733
08/27/2021,$48.84,23088458,$49.17,$49.23,$48.7267
08/26/2021,$49.1167,23466854,$49.1567,$49.4233,$48.89
08/25/2021,$49.6533,21921167,$49.47,$49.76,$49.3417
08/24/2021,$49.6333,18828821,$50.1667,$50.1667,$49.5667
08/23/2021,$50.15,16166090,$50.51,$50.5957,$50.1367
08/20/2021,$50.4833,19400390,$50.16,$50.5733,$49.9167
08/19/2021,$50.0367,22630373,$49.4433,$50.22,$49.3333
08/18/2021,$49.70,28211838,$50.1833,$50.8567,$49.6733
08/17/2021,$50.2333,50950085,$50.1333,$50.8333,$49.70
08/16/2021,$50.25,47926955,$49.8933,$50.5767,$49.68
08/13/2021,$49.8433,15981212,$49.7933,$50.12,$49.72
08/12/2021,$49.6867,18277274,$49.6667,$50.07,$49.6033
08/11/2021,$50.0033,41455684,$49.8367,$50.5267,$49.72
08/10/2021,$49.56,38262154,$48.99,$49.65,$48.75
08/09/2021,$48.5267,15811775,$48.6367,$48.8267,$48.4667
08/06/2021,$48.41,19263692,$48.7367,$48.8233,$48.3167
08/05/2021,$48.4967,27005445,$48.0767,$48.5133,$47.9967
08/04/2021,$47.6133,15301586,$47.7933,$47.98,$47.58
08/03/2021,$47.94,18915356,$47.48,$47.9667,$47.4533
08/02/2021,$47.4067,19958525,$47.61,$47.6233,$47.2233
07/30/2021,$47.5167,16332185,$47.0667,$47.6517,$47.0667
07/29/2021,$47.4133,11063068,$47.5467,$47.6167,$47.341
07/28/2021,$47.3533,14071462,$47.4933,$47.75,$47.22
07/27/2021,$47.5467,15395717,$47.6667,$47.6667,$47.32
07/26/2021,$47.5433,18517337,$47.4533,$47.9533,$47.1533
07/23/2021,$47.4767,15947510,$47.1733,$47.5733,$47.0033
07/22/2021,$47.09,13013296,$47.0433,$47.3724,$46.9333
07/21/2021,$47.0567,18591899,$47.50,$47.5133,$46.9017
07/20/2021,$47.29,19020302,$46.99,$47.49,$46.9257
07/19/2021,$47.0767,27383163,$47.1367,$47.66,$46.59
07/16/2021,$47.1867,18095417,$47.2333,$47.3767,$46.9833
07/15/2021,$47.22,17974838,$47.3333,$47.5467,$47.03
07/14/2021,$47.1833,18812015,$46.9033,$47.2667,$46.61
07/13/2021,$46.86,18947606,$46.6633,$47.06,$46.6467
07/12/2021,$46.6833,19514930,$46.8967,$46.93,$46.4433
07/09/2021,$46.7667,15185291,$46.8033,$46.9467,$46.6433
07/08/2021,$46.53,21267143,$46.1133,$46.8833,$46.0736
07/07/2021,$46.57,25607460,$46.5867,$47.0633,$46.4533
07/06/2021,$46.6467,18279176,$46.6333,$46.9167,$46.505
07/02/2021,$46.7033,26287710,$46.45,$47.0267,$46.45
07/01/2021,$46.44,26348553,$46.8033,$47.0833,$46.3367
06/30/2021,$47.0067,45511055,$46.52,$47.5267,$46.23
06/29/2021,$45.7667,35962474,$45.9667,$46.1567,$45.7433
06/28/2021,$46.0333,15549068,$46.0133,$46.2133,$45.5333
06/25/2021,$46.1767,28640811,$45.71,$46.2867,$45.64
06/24/2021,$45.6367,23443961,$45.39,$45.7467,$45.3667
06/23/2021,$45.32,19390553,$45.50,$45.6633,$45.31
06/22/2021,$45.6767,19106864,$45.41,$45.9067,$45.41
06/21/2021,$45.4667,20775071,$45.22,$45.5833,$45.1167
06/18/2021,$45.0567,44812744,$45.1467,$45.4627,$44.80
06/17/2021,$45.9067,19341839,$45.6667,$46.1167,$45.57
06/16/2021,$45.7167,28795032,$46.6167,$46.68,$45.6567
06/15/2021,$46.6667,19327178,$46.9467,$46.97,$46.5533
06/14/2021,$46.8533,15140690,$46.9767,$46.9767,$46.6767
06/11/2021,$46.9167,25232475,$46.7433,$46.95,$46.62
06/10/2021,$46.6267,16378379,$46.36,$46.73,$46.36
06/09/2021,$46.36,17085383,$46.4467,$46.67,$46.3433
06/08/2021,$46.61,20120570,$46.8367,$46.9667,$46.6033
06/07/2021,$46.9667,16630886,$47.2833,$47.3233,$46.7967
06/04/2021,$47.2833,13635817,$47.1533,$47.43,$47.0833
06/03/2021,$47.20,18374474,$47.13,$47.2833,$46.9167
06/02/2021,$47.1167,23297981,$47.13,$47.2366,$46.6967
06/01/2021,$47.22,20767628,$47.4033,$47.60,$47.09
05/28/2021,$47.3433,21189911,$47.31,$47.4833,$47.2133
05/27/2021,$47.23,56576916,$47.7833,$47.8933,$47.23
05/26/2021,$47.39,19294112,$47.4633,$47.6267,$47.2533
05/25/2021,$47.4467,21505094,$47.2667,$47.5467,$47.0233
05/24/2021,$47.2533,18945950,$47.2533,$47.4733,$47.12
05/21/2021,$47.25,22927457,$47.5067,$47.6933,$47.20
05/20/2021,$47.4733,30540753,$47.1667,$47.6233,$46.90
05/19/2021,$47.3067,34874763,$46.9033,$47.9067,$46.8333
05/18/2021,$47.3033,58183686,$47.8367,$48.1933,$47.07
05/17/2021,$46.2967,19473530,$46.6667,$46.80,$46.2567
05/14/2021,$46.5067,16091687,$46.27,$46.7467,$46.1433
05/13/2021,$46.08,21480161,$45.41,$46.3267,$45.2533
05/12/2021,$45.3133,25998435,$46.29,$46.3267,$45.3033
05/11/2021,$46.5167,26464140,$46.9567,$46.9567,$46.1067
05/10/2021,$46.94,26307738,$46.8167,$47.36,$46.77
05/07/2021,$46.7333,23408417,$47.21,$47.24,$46.44
05/06/2021,$47.0167,16301858,$46.6667,$47.119,$46.4833
05/05/2021,$46.8667,11895556,$46.9033,$47.0667,$46.75
05/04/2021,$46.9067,19084073,$47.18,$47.3433,$46.70
05/03/2021,$47.3733,27139608,$46.56,$47.58,$46.56
04/30/2021,$46.6367,19680023,$46.57,$46.6633,$46.37
04/29/2021,$46.5433,19595960,$45.9667,$46.6667,$45.9667
04/28/2021,$45.9633,14286589,$46.1167,$46.1967,$45.955
04/27/2021,$46.1267,16151441,$46.00,$46.315,$45.85
04/26/2021,$45.97,22846235,$46.6367,$46.6667,$45.88
04/23/2021,$46.6333,22983998,$46.3667,$46.7807,$46.3433
04/22/2021,$46.5567,19705115,$47.0267,$47.15,$46.4733
04/21/2021,$47.0667,17335091,$46.9233,$47.2333,$46.8433
04/20/2021,$46.93,24451979,$46.4733,$47.2567,$46.2733
04/19/2021,$46.57,19280975,$46.7633,$46.8567,$46.5367
04/16/2021,$46.87,26488386,$46.9633,$46.9867,$46.57
04/15/2021,$46.72,21710333,$46.4667,$46.8233,$46.40
04/14/2021,$46.44,21924494,$46.3733,$46.4867,$46.14
04/13/2021,$46.4567,17397995,$46.60,$46.6667,$46.29
04/12/2021,$46.60,18723125,$46.69,$46.7933,$46.4467
04/09/2021,$46.5933,20676485,$46.5433,$46.6967,$46.2379
04/08/2021,$46.57,19095461,$46.8167,$47.04,$46.5533
04/07/2021,$46.60,20361578,$46.7667,$46.9167,$46.55
04/06/2021,$46.70,31044693,$46.37,$46.9827,$46.1733
04/05/2021,$46.4767,40043164,$45.5733,$46.72,$45.40
04/01/2021,$45.2067,25595157,$45.3133,$45.63,$45.11
03/31/2021,$45.2767,24546038,$45.1833,$45.62,$44.9867
03/30/2021,$45.2467,27230181,$45.4433,$45.8633,$45.1567
03/29/2021,$45.5567,30146523,$45.00,$45.67,$44.8667
03/26/2021,$45.0433,28653507,$44.6667,$45.0667,$44.4737
03/25/2021,$44.67,28126005,$44.42,$44.8434,$44.29
03/24/2021,$44.37,23547434,$44.81,$44.81,$44.35
03/23/2021,$44.6467,29154789,$43.9033,$44.7667,$43.8767
03/22/2021,$44.1233,24653852,$43.6667,$44.15,$43.6633
03/19/2021,$43.9133,57703566,$43.3767,$44.1667,$43.30
03/18/2021,$43.3367,29815416,$43.72,$43.9833,$43.31
03/17/2021,$44.0933,24156182,$44.1667,$44.38,$43.9933
03/16/2021,$44.4633,19880861,$44.2733,$44.76,$44.2733
03/15/2021,$44.4767,25098078,$44.9133,$44.9167,$44.275
03/12/2021,$44.7067,28437564,$44.1733,$44.84,$44.0267
03/11/2021,$44.0433,35489674,$44.4533,$44.4967,$43.8433
03/10/2021,$44.06,44929354,$42.9533,$44.35,$42.8233
03/09/2021,$42.9633,31988643,$42.9333,$43.2933,$42.7733
03/08/2021,$42.6267,40988404,$43.11,$43.28,$42.6033
03/05/2021,$43.04,34073583,$42.2767,$43.2486,$42.25
03/04/2021,$42.51,45347915,$42.62,$43.1933,$42.0933
03/03/2021,$42.53,41837284,$43.1667,$43.31,$42.5167
03/02/2021,$43.37,29230701,$43.8367,$44.25,$43.3367
03/01/2021,$43.79,34634553,$43.86,$44.19,$43.71
02/26/2021,$43.3067,42470794,$43.8267,$43.9367,$43.2867
02/25/2021,$43.9833,33324693,$44.3667,$44.67,$43.828
02/24/2021,$44.4033,46565735,$45.29,$45.3867,$44.35
02/23/2021,$45.1567,31300203,$45.7033,$45.7967,$45.02
02/22/2021,$45.8967,32106633,$45.9133,$46.1133,$45.4167
02/19/2021,$46.1133,36605974,$45.9333,$46.4733,$45.89
02/18/2021,$45.8867,96927400,$46.3333,$46.90,$45.8333
02/17/2021,$49.0667,26026698,$48.2167,$49.1667,$48.1667
02/16/2021,$48.5533,27891090,$48.6467,$48.7967,$48.31
02/12/2021,$48.1567,13423594,$48.0533,$48.2033,$47.89
02/11/2021,$48.0067,12791461,$48.0467,$48.3167,$47.9033
02/10/2021,$48.0433,18576959,$48.61,$48.6333,$47.8463
02/09/2021,$48.61,15907010,$48.1933,$48.7733,$48.1933
02/08/2021,$48.3433,15825353,$48.27,$48.5267,$48.1533
02/05/2021,$48.12,20451749,$47.82,$48.2833,$47.51
02/04/2021,$47.51,17346269,$47.2633,$47.7267,$47.0867
02/03/2021,$47.0667,14966797,$46.8867,$47.35,$46.8767
02/02/2021,$46.9233,27002367,$46.5867,$47.3833,$46.48
02/01/2021,$46.4233,25945092,$46.97,$47.1633,$46.3967
01/29/2021,$46.83,32509113,$47.7267,$47.9167,$46.7833
01/28/2021,$47.9167,22301624,$48.1533,$48.7533,$47.8767
01/27/2021,$47.9467,29910345,$48.9867,$49.2867,$47.85
01/26/2021,$49.17,15031487,$48.5433,$49.27,$48.49
01/25/2021,$48.7333,19031165,$48.4533,$48.75,$48.09
01/22/2021,$48.7767,19219358,$48.5333,$49.1133,$48.3733
01/21/2021,$48.2833,14349856,$48.4533,$48.5767,$48.07
01/20/2021,$48.5033,23775713,$47.8633,$48.5533,$47.63
01/19/2021,$47.7967,24123461,$48.2133,$48.3567,$47.5567
01/15/2021,$48.2133,35920474,$48.38,$48.6333,$47.8903
01/14/2021,$48.99,23017100,$49.2733,$49.3333,$48.6783
01/13/2021,$49.15,16069625,$49.5833,$49.69,$49.1433
01/12/2021,$49.6567,23373431,$49.6667,$49.9767,$49.44
01/11/2021,$49.0967,26347245,$48.6667,$49.33,$48.6667
01/08/2021,$48.8767,24478202,$48.96,$49.00,$48.6033
01/07/2021,$48.8833,20537915,$49.2067,$49.2533,$48.68
01/06/2021,$48.8867,21918908,$48.3633,$49.3667,$48.337
01/05/2021,$48.5833,26497962,$48.8667,$49.0233,$48.1633
01/04/2021,$48.8433,32182233,$48.10,$48.9633,$48.0933
12/31/2020,$48.05,17814056,$48.0667,$48.09,$47.6167
12/30/2020,$48.06,18751157,$48.2933,$48.3833,$47.98
12/29/2020,$48.10,17938142,$48.5467,$48.615,$47.8633
12/28/2020,$48.4067,19344977,$48.0133,$48.4333,$47.7767
12/24/2020,$47.8333,9054472,$47.8467,$48.13,$47.7267
12/23/2020,$47.74,20430452,$47.8467,$48.0733,$47.4333
12/22/2020,$48.0667,37662184,$48.3833,$48.7433,$47.7133
12/21/2020,$48.6567,25553007,$48.50,$48.89,$48.3546
12/18/2020,$48.65,41384224,$48.8717,$49.06,$48.3867
12/17/2020,$48.70,30679383,$48.6867,$48.8133,$48.3833
12/16/2020,$48.4767,25651047,$48.7467,$48.9633,$48.36
12/15/2020,$48.5267,31894503,$48.5067,$48.7867,$48.2867
12/14/2020,$48.55,25087959,$49.2333,$49.24,$48.4667
12/11/2020,$49.00,16860788,$48.9733,$49.1694,$48.6467
12/10/2020,$49.0133,20652356,$49.25,$49.3833,$48.8567
12/09/2020,$49.4233,20139695,$50.00,$50.00,$49.2967
12/08/2020,$49.8167,20716364,$49.12,$49.95,$49.06
12/07/2020,$49.37,18479216,$49.4867,$49.6633,$49.0533
12/04/2020,$49.6367,20889206,$49.8367,$49.8367,$49.1933
12/03/2020,$49.7667,25725852,$50.0933,$50.0933,$49.4633
12/02/2020,$50.1733,23547050,$50.6667,$50.8733,$49.844
12/01/2020,$50.88,22941275,$51.20,$51.2199,$50.5533
11/30/2020,$50.93,32695563,$50.5333,$50.9833,$50.0333
11/27/2020,$50.5333,10999582,$50.7167,$50.9067,$50.3667
11/25/2020,$50.61,13833322,$50.4167,$50.7967,$50.4033
11/24/2020,$50.4533,17168771,$50.58,$50.66,$50.09
11/23/2020,$50.31,18557144,$50.1233,$50.4667,$49.79
11/20/2020,$50.08,21962567,$50.39,$50.92,$49.9367
11/19/2020,$50.7067,18590606,$49.82,$50.8167,$49.7733
11/18/2020,$49.6967,24936869,$49.9533,$50.5567,$49.6833
11/17/2020,$49.79,42711634,$50.1667,$51.0816,$49.7267
11/16/2020,$50.8133,34560423,$50.1767,$51.1333,$49.76
11/13/2020,$50.18,19811516,$49.6467,$50.3117,$49.1733
11/12/2020,$49.41,12576994,$49.4933,$49.5702,$49.0333
11/11/2020,$49.3267,18805823,$48.9733,$49.6517,$48.80
11/10/2020,$48.52,18199334,$47.9167,$48.8124,$47.8434
11/09/2020,$47.8467,28198575,$49.3333,$49.3997,$47.8267
11/06/2020,$48.59,16198466,$48.12,$48.74,$47.85
11/05/2020,$47.8233,14202706,$48.00,$48.0767,$47.6467
11/04/2020,$47.32,17927483,$47.19,$48.13,$47.112
11/03/2020,$47.5933,15413225,$47.2167,$48.0533,$47.19
11/02/2020,$46.80,16575656,$46.8633,$46.9367,$46.3433
10/30/2020,$46.25,18608219,$46.3933,$46.6967,$45.79
10/29/2020,$46.64,15154046,$46.6667,$47.0367,$46.2333
10/28/2020,$46.68,16849325,$46.9867,$47.3767,$46.6267
10/27/2020,$47.6233,11830954,$47.35,$47.90,$47.3233
10/26/2020,$47.3867,16111793,$47.6133,$47.708,$46.98
10/23/2020,$47.95,10540468,$47.99,$48.0467,$47.6167
10/22/2020,$47.85,13354732,$48.0633,$48.1867,$47.5633
10/21/2020,$48.1333,13114282,$47.9467,$48.5753,$47.9467
10/20/2020,$47.9667,14529637,$48.0367,$48.51,$47.8733
10/19/2020,$47.65,14643211,$48.3667,$48.4567,$47.5837
10/16/2020,$48.2367,16942025,$48.4667,$48.7167,$48.1567
10/15/2020,$48.1767,13705426,$47.6967,$48.32,$47.6125
10/14/2020,$47.98,19722329,$48.80,$48.8417,$47.92
10/13/2020,$48.7433,23800349,$48.2267,$48.8683,$48.12
10/12/2020,$48.0833,18402449,$47.6733,$48.4633,$47.6733
10/09/2020,$47.5933,14494807,$47.22,$47.78,$47.1867
10/08/2020,$47.12,14676871,$47.17,$47.3633,$47.04
10/07/2020,$46.9633,16949198,$47.0867,$47.1833,$46.75
10/06/2020,$46.8767,21475445,$47.29,$47.6466,$46.75
10/05/2020,$47.2667,14259118,$47.0967,$47.3966,$47.0217
10/02/2020,$46.8333,24584924,$47.4467,$47.70,$46.7099
10/01/2020,$47.6933,43290994,$46.9333,$48.1266,$46.7533
09/30/2020,$46.6367,34826463,$45.7967,$47.2467,$45.7338
09/29/2020,$45.7133,27722727,$45.75,$46.0467,$45.4633
09/28/2020,$45.75,21196979,$45.72,$46.0167,$45.5733
09/25/2020,$45.7567,22618790,$45.5067,$45.845,$45.32
09/24/2020,$45.5667,29453085,$45.2433,$45.9317,$45.0233
09/23/2020,$45.33,23133326,$46.3333,$46.4133,$45.2731
09/22/2020,$46.1033,33102063,$45.69,$46.33,$45.5233
09/21/2020,$45.69,47275505,$45.50,$45.7467,$45.0967
09/18/2020,$45.0967,54709055,$45.48,$45.8433,$44.9167
09/17/2020,$45.5633,37245094,$45.1433,$45.8567,$45.0067
09/16/2020,$45.42,27877950,$46.1367,$46.2275,$45.35
09/15/2020,$45.7867,30427863,$46.0767,$46.36,$45.56
09/14/2020,$45.7733,45733955,$45.38,$47.0333,$45.2933
09/11/2020,$45.5667,28879734,$45.6833,$46.1467,$45.1833
09/10/2020,$45.6033,33709263,$46.6867,$46.845,$45.5286
09/09/2020,$46.63,33669093,$46.6967,$47.5367,$46.4833
09/08/2020,$46.15,33966753,$47.1367,$47.30,$46.0867
09/04/2020,$47.61,33982083,$48.0067,$48.3461,$46.70
09/03/2020,$48.18,48015005,$48.90,$49.8667,$47.27
09/02/2020,$49.2267,51665975,$50.4167,$50.4433,$48.5367
09/01/2020,$49.1967,107124641,$47.0667,$49.8633,$46.6833
08/31/2020,$46.2833,45236345,$45.8267,$46.2967,$45.1767
08/28/2020,$46.7667,64050936,$47.00,$47.0233,$45.9467
08/27/2020,$45.5433,119018742,$43.6933,$46.45,$43.6333
08/26/2020,$43.5667,18814670,$43.4033,$43.6267,$43.2333
08/25/2020,$43.5433,21722459,$43.60,$43.7456,$43.2233
08/24/2020,$43.7767,19813652,$44.0833,$44.16,$43.4433
08/21/2020,$43.8767,24863984,$43.5167,$44.2233,$43.3667
08/20/2020,$43.5233,26810649,$43.7367,$44.0233,$43.35
08/19/2020,$44.1367,38155204,$44.7367,$44.8867,$43.9517
08/18/2020,$44.9033,80232548,$45.39,$45.8774,$44.39
08/17/2020,$45.20,39465004,$44.7833,$45.3767,$44.6167
08/14/2020,$44.20,20106263,$44.1133,$44.3233,$43.8767
08/13/2020,$43.95,19867334,$43.7367,$43.9867,$43.5767
08/12/2020,$43.9633,19116338,$43.49,$44.0767,$43.0267
08/11/2020,$43.40,25360068,$44.1967,$44.29,$43.2434
08/10/2020,$43.96,17683064,$43.4133,$44.1133,$43.2167
08/07/2020,$43.3233,16558463,$43.1933,$43.4867,$43.0367
08/06/2020,$43.1167,14496421,$43.0433,$43.41,$43.01
08/05/2020,$43.27,25510722,$43.4833,$43.5833,$42.9433
08/04/2020,$43.88,18219677,$43.2167,$43.9033,$42.98
08/03/2020,$43.10,14976265,$43.3033,$43.3717,$42.7571
07/31/2020,$43.1333,21634607,$43.2167,$43.3633,$42.54
07/30/2020,$43.3733,13788364,$43.14,$43.4733,$42.9067
07/29/2020,$43.5633,14223328,$43.8533,$43.9533,$43.2833
07/28/2020,$43.92,14414164,$43.8333,$44.1267,$43.64
07/27/2020,$43.7367,14045551,$43.62,$43.9933,$43.62
07/24/2020,$43.7467,13037350,$43.65,$44.1333,$43.5033
07/23/2020,$43.88,16796258,$44.3333,$44.3833,$43.77
07/22/2020,$44.22,16164533,$44.19,$44.3433,$43.73
07/21/2020,$44.11,21721205,$43.8533,$44.6633,$43.8167
07/20/2020,$43.8233,18342551,$43.9867,$44.2467,$43.7133
07/17/2020,$43.9133,18189509,$44.4567,$44.4567,$43.8233
07/16/2020,$44.0667,17676497,$44.0167,$44.2433,$43.7467
07/15/2020,$44.00,31731363,$44.09,$44.71,$43.60
07/14/2020,$44.0033,26455668,$43.0933,$44.1667,$43.0087
07/13/2020,$43.1733,42338344,$43.7767,$44.5433,$42.9633
07/10/2020,$43.56,44236894,$42.9117,$43.79,$42.42
07/09/2020,$42.5833,42771724,$41.87,$42.7267,$41.65
07/08/2020,$41.48,52217135,$42.6667,$42.71,$41.4667
07/07/2020,$42.3167,93458049,$39.4833,$42.5167,$39.4067
07/06/2020,$39.63,21694994,$39.9333,$39.9567,$39.4067
07/02/2020,$39.7367,17695679,$40.03,$40.2933,$39.62
07/01/2020,$39.8967,19733765,$39.8167,$39.9733,$39.5533
06/30/2020,$39.9267,20509076,$39.74,$40.0433,$39.5133
06/29/2020,$39.6867,16511354,$39.50,$39.8933,$39.405
06/26/2020,$39.44,26991513,$39.8667,$40.28,$39.34
06/25/2020,$39.9033,20569847,$39.92,$40.0533,$39.46
06/24/2020,$40.10,20614832,$40.2467,$40.3718,$39.86
06/23/2020,$40.3567,19727747,$40.9167,$40.95,$40.3202
06/22/2020,$40.56,27338544,$40.3233,$40.6967,$40.1333
06/19/2020,$39.95,40028764,$39.63,$40.10,$39.25
06/18/2020,$39.33,20069924,$39.5133,$39.6867,$39.22
06/17/2020,$39.6767,20167013,$39.9533,$40.0433,$39.4667
06/16/2020,$39.8833,25185633,$39.9333,$40.0766,$39.5133
06/15/2020,$39.36,32703183,$39.4667,$39.56,$39.0033
06/12/2020,$39.2467,32359323,$40.17,$40.25,$39.02
06/11/2020,$40.03,34162953,$40.33,$40.86,$39.8267
06/10/2020,$40.3867,28141650,$40.52,$40.8333,$40.3767
06/09/2020,$40.45,20746313,$40.5333,$40.6667,$40.1867
06/08/2020,$40.4133,28344195,$39.86,$40.4133,$39.82
06/05/2020,$40.52,39337174,$40.8567,$40.8933,$39.97
06/04/2020,$40.7033,24014891,$40.9333,$41.2957,$40.6067
06/03/2020,$41.1567,20263001,$41.30,$41.33,$40.8867
06/02/2020,$41.3133,19187807,$41.1967,$41.3842,$40.9367
06/01/2020,$41.32,20567258,$41.1467,$41.47,$40.7867
05/29/2020,$41.3533,29317296,$41.4133,$41.5683,$40.6433
05/28/2020,$41.23,24437921,$41.24,$41.65,$41.0533
05/27/2020,$40.8267,31073703,$41.3233,$41.4967,$40.3433
05/26/2020,$41.2867,23730548,$41.4467,$41.8367,$41.21
05/22/2020,$41.4433,22359488,$41.70,$41.7833,$41.2567
05/21/2020,$41.6633,22448222,$41.63,$42.0467,$41.4167
05/20/2020,$41.8167,32246403,$42.1633,$42.1967,$41.5433
05/19/2020,$41.65,74746327,$43.9167,$43.9967,$41.6033
05/18/2020,$42.5533,39107704,$42.50,$42.8517,$42.0333
05/15/2020,$41.98,31770123,$41.1567,$41.98,$41.03
05/14/2020,$41.14,22233020,$41.6167,$41.71,$40.4334
05/13/2020,$41.2367,29175168,$41.1667,$42.08,$41.03
05/12/2020,$41.26,19100177,$41.4933,$41.8867,$41.26
05/11/2020,$41.2233,25341918,$41.0133,$41.4367,$41.0033
05/08/2020,$40.98,20833058,$40.9167,$41.0033,$40.54
05/07/2020,$40.63,27348543,$41.1533,$41.3267,$40.50
05/06/2020,$41.10,17309177,$41.7367,$41.83,$40.9483
05/05/2020,$41.5767,19337252,$41.2667,$41.7533,$41.0867
05/04/2020,$41.2333,17807639,$41.28,$41.4667,$40.57
05/01/2020,$40.9733,31144053,$40.4933,$41.23,$40.26
04/30/2020,$40.5167,40497784,$41.0267,$41.1454,$40.3467
04/29/2020,$41.20,44611984,$41.8567,$41.92,$40.85
04/28/2020,$42.6667,20732084,$42.76,$43.4133,$42.5667
04/27/2020,$42.7667,17923817,$43.3333,$43.4359,$42.7233
04/24/2020,$43.1467,17348285,$43.1167,$43.2967,$42.8533
04/23/2020,$42.8433,28839894,$43.2833,$43.6965,$42.5767
04/22/2020,$43.8633,19455110,$43.3333,$44.1267,$42.9667
04/21/2020,$43.07,27900720,$43.3567,$43.6767,$42.72
04/20/2020,$43.2833,24401825,$44.13,$44.46,$43.2533
04/17/2020,$44.04,30915273,$43.8267,$44.3233,$43.2417
04/16/2020,$44.11,31882353,$43.00,$44.3067,$42.75
04/15/2020,$42.92,22435295,$43.00,$43.2933,$42.3733
04/14/2020,$43.00,34098933,$42.3667,$43.2633,$42.0117
04/13/2020,$41.7667,24193991,$40.4233,$41.89,$40.39
04/09/2020,$40.60,32833203,$39.4067,$40.9567,$39.22
04/08/2020,$40.6133,27876537,$41.23,$41.27,$40.1967
04/07/2020,$40.6633,41369734,$41.3267,$42.1633,$40.5467
04/06/2020,$42.0233,47768705,$39.6867,$42.13,$39.6467
04/03/2020,$39.8267,28624992,$39.07,$39.97,$39.01
04/02/2020,$39.55,29515476,$37.7267,$39.7033,$37.445
04/01/2020,$38.0467,28269516,$37.3833,$38.51,$37.2667
03/31/2020,$37.8733,26271543,$38.1033,$38.73,$37.5467
03/30/2020,$38.3967,29212623,$37.2867,$38.60,$36.9791
03/27/2020,$36.5267,36160354,$36.7033,$37.4267,$36.2002
03/26/2020,$36.6067,58293966,$36.4667,$36.9567,$35.6155
03/25/2020,$36.4667,53287505,$37.6567,$38.00,$36.0167
03/24/2020,$38.3433,42705154,$38.6233,$39.1233,$37.1033
03/23/2020,$38.0933,39365884,$38.0567,$39.18,$37.4033
03/20/2020,$37.99,55423566,$39.8333,$40.93,$37.2967
03/19/2020,$39.8167,57100446,$41.4867,$42.3333,$39.21
03/18/2020,$40.86,77355848,$38.3333,$42.6933,$38.1667
03/17/2020,$39.7533,52806095,$37.59,$39.7567,$36.82
03/16/2020,$35.5867,36753904,$35.0667,$37.1097,$34.00
03/13/2020,$38.0333,42962134,$36.08,$38.1967,$34.6267
03/12/2020,$34.6833,56323356,$35.34,$37.1633,$34.3267
03/11/2020,$38.1433,31629003,$39.17,$39.6767,$37.60
03/10/2020,$39.93,37797184,$39.3667,$40.2267,$38.3067
03/09/2020,$39.0533,59243526,$37.94,$40.21,$37.5767
03/06/2020,$39.0767,29411136,$37.9567,$39.3033,$37.67
03/05/2020,$38.64,25639518,$38.1333,$39.0833,$37.97
03/04/2020,$38.9233,24625268,$38.08,$38.9467,$37.8233
03/03/2020,$37.6367,33340923,$38.6933,$39.1767,$37.4467
03/02/2020,$38.6267,51222725,$35.8667,$38.7991,$35.7633
02/28/2020,$35.8933,52512245,$35.8967,$36.1733,$34.79
02/27/2020,$36.80,28476792,$37.52,$38.0233,$36.7833
02/26/2020,$37.9267,20021132,$38.2333,$38.39,$37.8833
02/25/2020,$38.13,23293031,$38.7833,$39.0233,$38.0167
02/24/2020,$38.7733,19848116,$39.1533,$39.4867,$38.6507
02/21/2020,$39.5267,18727580,$39.1467,$39.5833,$39.1033
02/20/2020,$39.23,15069983,$39.07,$39.37,$38.9533
02/19/2020,$39.2267,21563315,$39.8333,$39.98,$39.2267
02/18/2020,$39.8767,34548363,$39.49,$39.9833,$39.12
02/14/2020,$39.2967,24391946,$39.2233,$39.5233,$39.0517
02/13/2020,$39.1467,15999563,$38.6167,$39.1783,$38.527
02/12/2020,$38.6167,14206654,$38.50,$38.8067,$38.47
02/11/2020,$38.4667,17391605,$38.4767,$38.50,$38.1467
02/10/2020,$38.4167,18434606,$38.5833,$38.9933,$38.3483
02/07/2020,$38.8167,11069917,$38.7033,$38.92,$38.5867
02/06/2020,$38.77,16058768,$38.9433,$39.0767,$38.6867
02/05/2020,$38.9367,17048660,$38.5333,$38.9833,$38.2833
02/04/2020,$38.4233,15696668,$38.4133,$38.7467,$38.2967
02/03/2020,$38.09,13055587,$38.30,$38.4633,$38.0333
01/31/2020,$38.1633,23327363,$38.60,$38.7533,$37.9667
01/30/2020,$38.86,13744777,$38.5367,$38.9067,$38.4438
01/29/2020,$38.63,11333002,$38.8533,$39.04,$38.63
01/28/2020,$38.8667,15810908,$38.66,$38.9667,$38.6499
01/27/2020,$38.62,21055220,$37.73,$38.7433,$37.56
01/24/2020,$38.1233,13150285,$38.6667,$38.6767,$38.05
01/23/2020,$38.6033,12915523,$38.7367,$38.77,$38.3467
01/22/2020,$38.70,14779156,$38.4067,$38.8433,$38.3933
01/21/2020,$38.53,22061036,$38.1967,$38.5633,$38.1717
01/17/2020,$38.32,30135033,$38.6833,$38.7667,$38.2133
01/16/2020,$38.6333,16108292,$38.50,$38.6433,$38.4267
01/15/2020,$38.4267,22362530,$38.21,$38.6233,$38.1733
01/14/2020,$38.7267,19761965,$38.49,$38.7366,$38.3767
01/13/2020,$38.6267,18342296,$38.7933,$38.85,$38.4567
01/10/2020,$38.7933,18166106,$39.08,$39.1133,$38.66
01/09/2020,$39.12,16696898,$38.7167,$39.1233,$38.6935
01/08/2020,$38.72,17641451,$38.7667,$38.91,$38.56
01/07/2020,$38.8533,20610143,$39.0867,$39.1717,$38.7333
01/06/2020,$39.2167,19339637,$39.1333,$39.3633,$38.9233
01/03/2020,$39.2967,16203500,$39.4233,$39.5962,$39.1967
01/02/2020,$39.6467,19978967,$39.62,$39.9633,$39.5672
12/31/2019,$39.6133,14746732,$39.8333,$39.9333,$39.3967
12/30/2019,$39.80,8837740,$39.9333,$39.9367,$39.71
12/27/2019,$39.8633,10637425,$39.98,$39.98,$39.7483
12/26/2019,$39.84,12684220,$39.87,$39.95,$39.65
12/24/2019,$39.8367,6682270,$39.71,$39.8667,$39.67
12/23/2019,$39.6767,13458826,$40.0667,$40.23,$39.67
12/20/2019,$40.0967,23863655,$40.4933,$40.7067,$40.0067
12/19/2019,$40.0267,13392922,$39.98,$40.1683,$39.9267
12/18/2019,$39.9533,15314954,$40.5033,$40.56,$39.9467
12/17/2019,$40.4267,13727803,$40.3167,$40.5667,$40.2333
12/16/2019,$40.18,16056236,$40.14,$40.4499,$40.14
12/13/2019,$40.0967,16099625,$39.72,$40.2167,$39.6733
12/12/2019,$39.92,12456331,$39.6667,$40.0367,$39.56
12/11/2019,$39.6667,10519855,$39.80,$39.8833,$39.51
12/10/2019,$39.7133,12847975,$39.7833,$39.8533,$39.6733
12/09/2019,$39.7867,14506423,$39.8567,$39.9533,$39.7281
12/06/2019,$39.9267,13027489,$39.6933,$39.9333,$39.64
12/05/2019,$39.5533,13059322,$39.4533,$39.5917,$39.14
12/04/2019,$39.5633,16672550,$39.7067,$39.7333,$39.4347
12/03/2019,$39.5567,20282129,$39.4667,$39.6533,$39.2567
12/02/2019,$39.76,17037035,$39.7167,$39.7933,$39.28
11/29/2019,$39.6967,9471949,$39.7133,$39.99,$39.6667
11/27/2019,$39.5867,10320718,$39.7967,$39.9333,$39.5767
11/26/2019,$39.73,18880139,$39.6533,$39.7667,$39.4833
11/25/2019,$39.64,17653439,$40.00,$40.0067,$39.30
11/22/2019,$39.7867,11530555,$40.05,$40.10,$39.7567
11/21/2019,$39.9533,12908536,$39.61,$40.00,$39.5567
11/20/2019,$39.71,15233270,$40.07,$40.16,$39.4667
11/19/2019,$39.9633,11148679,$40.0367,$40.12,$39.9033
11/18/2019,$40.0833,19648901,$39.4833,$40.289,$39.4133
11/15/2019,$39.6233,30439533,$40.2267,$40.3333,$39.46
11/14/2019,$40.2167,67534057,$41.5333,$41.7933,$39.8367
11/13/2019,$40.3267,24140447,$39.72,$40.4533,$39.5533
11/12/2019,$39.7067,15206396,$39.8667,$40.00,$39.6032
11/11/2019,$39.68,13323430,$39.5667,$39.8767,$39.4267
11/08/2019,$39.8133,11501188,$40.1033,$40.2933,$39.6467
11/07/2019,$40.0767,13324072,$40.00,$40.3067,$39.8467
11/06/2019,$39.8333,10843273,$39.61,$39.8733,$39.57
11/05/2019,$39.62,12651298,$39.2267,$39.7133,$39.025
11/04/2019,$39.19,13938124,$39.4667,$39.7033,$39.0567
11/01/2019,$39.2067,11287813,$39.3067,$39.3233,$39.0767
10/31/2019,$39.0867,14643808,$39.31,$39.4267,$38.9433
10/30/2019,$39.3667,8988613,$39.06,$39.4567,$39.017
10/29/2019,$39.05,14373298,$39.50,$39.5767,$39.0267
10/28/2019,$39.74,10213690,$39.75,$39.90,$39.51
10/25/2019,$39.68,7692973,$39.6667,$39.7751,$39.40
10/24/2019,$39.70,8767822,$39.7167,$39.8558,$39.5033
10/23/2019,$39.7833,8606650,$39.7233,$39.95,$39.5633
10/22/2019,$39.86,7789549,$39.9167,$40.0567,$39.7962
10/21/2019,$39.9133,10417540,$39.7667,$39.9433,$39.6067
10/18/2019,$39.7133,16778669,$40.15,$40.20,$39.71
10/17/2019,$39.9467,11882311,$39.89,$40.0833,$39.786
10/16/2019,$39.8067,12432826,$39.77,$40.0363,$39.70
10/15/2019,$39.8433,16155518,$39.7767,$39.9967,$39.6233
10/14/2019,$39.7233,13804582,$39.95,$40.1533,$39.70
10/11/2019,$40.08,18449537,$39.9733,$40.2367,$39.5733
10/10/2019,$39.87,13313392,$39.6333,$39.96,$39.5333
10/09/2019,$39.6433,11802274,$39.3933,$39.7667,$39.34
10/08/2019,$39.1933,16639307,$38.9367,$39.5567,$38.8867
10/07/2019,$39.0767,14259382,$39.3667,$39.4333,$38.96
10/04/2019,$39.3867,14607904,$38.80,$39.4333,$38.73
10/03/2019,$38.77,16108394,$38.6267,$38.9333,$38.1933
10/02/2019,$38.7067,18025574,$39.1333,$39.1833,$38.5367
10/01/2019,$39.2833,11224084,$39.6167,$39.7033,$39.24
09/30/2019,$39.56,10811740,$39.5567,$39.8133,$39.52
09/27/2019,$39.4833,10306669,$39.7367,$39.7433,$39.25
09/26/2019,$39.4333,11974234,$39.60,$39.85,$39.3967
09/25/2019,$39.49,16019363,$39.49,$39.5733,$39.27
09/24/2019,$39.4667,23124635,$39.4167,$39.9533,$39.3367
09/23/2019,$39.2067,17718851,$38.87,$39.47,$38.8533
09/20/2019,$38.9933,34762983,$39.1167,$39.2136,$38.9333
09/19/2019,$39.0367,10187455,$39.1333,$39.27,$38.9233
09/18/2019,$39.0533,12347242,$38.97,$39.0767,$38.7267
09/17/2019,$38.8367,14330842,$38.44,$38.8961,$38.4168
09/16/2019,$38.5233,18270911,$38.8467,$39.0567,$38.46
09/13/2019,$39.1433,16915907,$39.0533,$39.3967,$38.9834
09/12/2019,$38.9733,13422931,$38.8833,$39.0233,$38.6333
09/11/2019,$38.6733,15852371,$38.6667,$38.90,$38.4067
09/10/2019,$38.6833,14572261,$38.6633,$38.9867,$38.4933
09/09/2019,$38.7767,17922026,$38.1667,$38.87,$38.1333
09/06/2019,$38.2433,13039189,$38.48,$38.5833,$38.2067
09/05/2019,$38.48,17481854,$39.2233,$39.32,$38.4233
09/04/2019,$38.6367,17391764,$38.5633,$38.6533,$38.2733
09/03/2019,$38.2133,17827976,$37.8933,$38.4367,$37.83
08/30/2019,$38.0867,17118368,$38.3333,$38.46,$37.9667
08/29/2019,$38.0267,15811499,$38.0667,$38.1967,$37.77
08/28/2019,$37.5733,16131191,$37.4267,$37.6933,$37.2267
08/27/2019,$37.4733,17201489,$37.4733,$37.6033,$37.17
08/26/2019,$37.33,17810240,$37.1867,$37.4217,$37.0733
08/23/2019,$36.9433,18711755,$37.2067,$37.3033,$36.71
08/22/2019,$37.3033,17986463,$37.40,$37.5967,$37.1167
08/21/2019,$37.34,24472397,$37.9933,$38.023,$37.2933
08/20/2019,$37.35,18342365,$37.9533,$38.0133,$37.3367
08/19/2019,$37.9367,21535391,$38.1167,$38.26,$37.8667
08/16/2019,$37.6633,32895633,$38.0267,$38.31,$37.3533
08/15/2019,$37.5633,59438676,$37.51,$37.88,$36.72
08/14/2019,$35.40,27938457,$35.16,$36.02,$35.0467
08/13/2019,$35.8033,20168456,$35.0833,$36.0367,$34.95
08/12/2019,$35.04,17605427,$35.5733,$35.6133,$34.9467
08/09/2019,$35.76,12580495,$36.02,$36.1533,$35.57
08/08/2019,$36.1733,13124323,$36.0033,$36.28,$35.9233
08/07/2019,$36.0667,21835442,$35.6733,$36.2133,$35.3067
08/06/2019,$35.7567,21049286,$35.3967,$35.9467,$35.1967
08/05/2019,$35.2733,22709918,$36.00,$36.00,$35.1967
08/02/2019,$36.4667,16970129,$36.58,$36.712,$36.05
08/01/2019,$36.46,22364903,$36.7733,$37.389,$36.44
07/31/2019,$36.7933,18633833,$37.3033,$37.4467,$36.5433
07/30/2019,$37.3533,9105589,$37.3533,$37.4667,$37.2233
07/29/2019,$37.4233,11239786,$37.6133,$37.66,$37.2533
07/26/2019,$37.6733,14187136,$37.3733,$37.7783,$37.2733
07/25/2019,$37.4067,11554627,$37.3933,$37.4633,$37.22
07/24/2019,$37.3333,12532327,$37.3433,$37.5967,$37.19
07/23/2019,$37.3633,17262890,$37.7067,$37.7333,$37.1883
07/22/2019,$37.6067,13562473,$38.0333,$38.1133,$37.44
07/19/2019,$37.9667,11389483,$38.3333,$38.4367,$37.9533
07/18/2019,$38.24,9674395,$38.1167,$38.2583,$37.9134
07/17/2019,$38.20,8066083,$38.27,$38.39,$38.0667
07/16/2019,$38.2533,10464493,$38.4433,$38.4967,$38.0136
07/15/2019,$38.3267,10038229,$38.2233,$38.36,$38.15
07/12/2019,$38.20,11229997,$38.03,$38.2567,$37.8733
07/11/2019,$37.9733,11689708,$37.78,$37.98,$37.6733
07/10/2019,$37.66,13737076,$37.7067,$37.87,$37.4617
07/09/2019,$37.6267,16271099,$37.63,$37.7933,$37.5333
07/08/2019,$37.5733,14146975,$37.3067,$37.6433,$37.2333
07/05/2019,$37.3267,10738252,$37.3333,$37.4133,$37.07
07/03/2019,$37.44,9621931,$37.06,$37.4667,$37.00
07/02/2019,$37.20,12189628,$36.9433,$37.2033,$36.78
07/01/2019,$36.8733,16548251,$37.10,$37.3233,$36.6733
06/28/2019,$36.83,19521074,$36.85,$37.1683,$36.7467
06/27/2019,$36.70,16443932,$36.6867,$36.8367,$36.2869
06/26/2019,$36.72,12485104,$36.95,$37.025,$36.70
06/25/2019,$36.9067,18316166,$36.96,$37.143,$36.80
06/24/2019,$37.08,18098513,$37.1633,$37.4067,$37.01
06/21/2019,$37.0433,39535744,$36.78,$37.3967,$36.7533
06/20/2019,$36.7733,15004631,$36.6067,$36.83,$36.4267
06/19/2019,$36.54,11774419,$36.60,$36.6133,$36.29
06/18/2019,$36.55,14733499,$36.60,$36.6533,$36.3033
06/17/2019,$36.3867,12440989,$36.3733,$36.5167,$36.0867
06/14/2019,$36.3567,13577650,$36.26,$36.5288,$36.1533
06/13/2019,$36.2167,16454906,$36.3333,$36.5267,$36.0567
06/12/2019,$36.2733,13905226,$35.9733,$36.3033,$35.9733
06/11/2019,$35.98,20241785,$36.00,$36.3233,$35.9167
06/10/2019,$35.84,18976958,$35.4933,$35.9267,$35.4567
06/07/2019,$35.3533,20428133,$35.0767,$35.4533,$35.0167
06/06/2019,$35.0367,24191177,$34.83,$35.22,$34.7333
06/05/2019,$34.8067,20708636,$34.25,$34.9267,$34.20
06/04/2019,$34.1867,17895023,$34.2033,$34.2167,$33.8133
06/03/2019,$33.9867,19844492,$33.8767,$34.2267,$33.80
05/31/2019,$33.8133,17782454,$33.7833,$34.0067,$33.5334
05/30/2019,$34.0633,15058931,$34.1633,$34.4967,$33.97
05/29/2019,$34.04,19560689,$34.0367,$34.2917,$33.8233
05/28/2019,$34.14,30815583,$34.1867,$34.5233,$34.1333
05/24/2019,$34.2233,13449502,$34.06,$34.295,$34.0267
05/23/2019,$33.9533,19363829,$33.94,$33.9767,$33.6422
05/22/2019,$34.0767,22022627,$33.8667,$34.1433,$33.6867
05/21/2019,$33.7067,20667290,$33.8367,$33.8833,$33.4667
05/20/2019,$33.84,21583337,$33.4633,$33.9933,$33.4167
05/17/2019,$33.62,37113874,$33.4133,$33.9833,$33.3033
05/16/2019,$33.77,51365945,$34.2767,$34.6533,$33.6133
05/15/2019,$33.2933,20220998,$33.40,$33.4533,$33.0433
05/14/2019,$33.43,19061090,$33.38,$33.6217,$33.2967
05/13/2019,$33.2967,22084637,$33.4833,$33.7167,$33.0033
05/10/2019,$33.97,26228085,$33.2533,$34.0367,$33.2333
05/09/2019,$33.18,18720605,$33.09,$33.3133,$32.95
05/08/2019,$33.4333,17646050,$33.4167,$33.6783,$33.2867
05/07/2019,$33.7667,13726711,$33.9333,$34.0567,$33.5852
05/06/2019,$34.1533,13841011,$33.5833,$34.1833,$33.5133
05/03/2019,$34.0267,15951785,$34.1067,$34.25,$33.9333
05/02/2019,$33.7167,15020921,$33.81,$34.02,$33.4117
05/01/2019,$33.7867,16011623,$34.2567,$34.27,$33.76
04/30/2019,$34.28,18400871,$33.9233,$34.3067,$33.8167
04/29/2019,$33.8533,19136105,$33.96,$34.00,$33.5933
04/26/2019,$33.8433,24322172,$33.4833,$34.1133,$33.22
04/25/2019,$34.5067,11847778,$34.4133,$34.715,$34.2767
04/24/2019,$34.51,14089723,$34.38,$34.6167,$34.3633
04/23/2019,$34.3567,15123908,$34.1767,$34.43,$33.9803
04/22/2019,$34.1233,15238178,$34.26,$34.5133,$34.0567
04/18/2019,$34.3933,11183404,$34.37,$34.60,$34.2967
04/17/2019,$34.3867,11187544,$34.3333,$34.4667,$34.1355
04/16/2019,$34.31,14481949,$34.2967,$34.4633,$34.18
04/15/2019,$34.1433,15335333,$33.7667,$34.3033,$33.7533
04/12/2019,$33.8533,15481622,$33.6667,$34.0067,$33.6667
04/11/2019,$33.60,16818227,$33.2333,$33.61,$33.1567
04/10/2019,$33.20,11617726,$32.8367,$33.24,$32.8333
04/09/2019,$32.8967,13094284,$32.9333,$33.0767,$32.7167
04/08/2019,$33.0767,16265498,$32.8167,$33.0833,$32.7533
04/05/2019,$32.9433,13965124,$32.75,$33.0667,$32.72
04/04/2019,$32.7033,12076486,$32.4167,$32.76,$32.4133
04/03/2019,$32.3967,16841573,$32.3733,$32.4667,$32.2633
04/02/2019,$32.3133,18817382,$32.5867,$32.77,$32.30
04/01/2019,$32.6067,24894053,$32.6567,$32.7867,$32.52
03/29/2019,$32.51,22317875,$32.53,$32.5567,$32.3467
03/28/2019,$32.3767,22977347,$32.53,$32.6233,$32.1767
03/27/2019,$32.4033,25253028,$32.7133,$32.9533,$32.32
03/26/2019,$32.7733,14837593,$32.7867,$32.95,$32.6767
03/25/2019,$32.7233,16063370,$32.60,$32.8733,$32.5433
03/22/2019,$32.76,19776323,$32.86,$33.1767,$32.6467
03/21/2019,$33.02,19629224,$32.75,$33.0433,$32.70
03/20/2019,$32.88,18567827,$33.0667,$33.1833,$32.8467
03/19/2019,$33.2833,16126331,$33.33,$33.4967,$33.19
03/18/2019,$33.22,16912943,$32.7667,$33.2567,$32.7533
03/15/2019,$32.8067,43799974,$32.76,$32.8368,$32.5333
03/14/2019,$32.74,14777374,$32.8033,$32.81,$32.53
03/13/2019,$33.01,16365218,$32.90,$33.1167,$32.7967
